question,answer
三相异步电动机旋转磁场的旋转方向和什么一致，要改变三相异步电动机的转向，只要怎么做？,三相异步电动机旋转磁场的旋转方向和定子饶组所接电源的相序一致，要改变三相异步电动机的转向，只要将电源的任意两相调换。
某三相异步电动机的额定转速为1470r/min，则该电动机的磁极数为多少极，同步转速为多少，转差率为多少,某三相异步电动机的额定转速为1470r/min，则该电动机的磁极数为4极，同步转速为1500r/min，转差率为0.02。
正弦交流电的三要素是什么,正弦交流电的三要素有效值，频率，周期初相位。
阻抗为8欧姆的负载经变压器变换后，其等效阻抗为512欧姆，该变压器的变比为多少,阻抗为8欧姆的负载经变压器变换后，其等效阻抗为512欧姆，该变压器的变比为8。
在直流电动机中，电枢就是直流电动机的什么,在直流电动机中，电枢就是直流电动机的转子。
直流电机即可做什么使用，也可做什么使用,直流电机即可做直流电动机使用，也可做直流发电机使用。
停电操作程序有哪几步,停电操作程序（1）断路；（2）验电；（3）装接地线；（4） 挂表示牌检验；（5）安全措施   
气体中带电质点产生的方式是什么,热电离、光电离、碰撞电离、表面电离
气体中带电质点消失的方式是什么,流入电极、逸出气体空间、复合
巴申定律及其适用范围,击穿电压与气体相对密度和极间距离乘积之间的关系。两者乘积大于0.26cm时，不再适用
流注理论,考虑了空间电荷对原有电场的影响和空间光电离的作用，适用两者乘积大于0.26cm时的情况
均匀电场与不均匀电场的划分,以最大场强与平均场强之比来划分。
极不均匀电场中的电晕放电,电晕放电的概念、起始场强、放电的极性效应
冲击电压作用下气隙的击穿特性,a. 雷电和操作过电压波的波形 b. 冲击电压作用下的放电延时与伏秒特性 c.50%击穿电压的概念
电场形式对放电电压的影响,均匀电场无极性效应、各类电压形式放电电压基本相同、分散性小，极不均匀电场中极间距离为主要影响因素、极性效应明显。
电压波形对放电电压的影响,a.电压波形对均匀和稍不均匀电场影响不大b.对极不均匀电场影响相当大 c.完全对称的极不均匀场 棒棒间隙d.极大不对称的极不均匀场棒板间隙
气体的状态对放电电压的影响,湿度、密度、海拔高度的影响
气体的性质对放电电压的影响,在间隙中加入高电强度气体，可大大提高击穿电压，主要指 一些含卤族元素的强电负性气体，如SF6
提高气体放电电压的措施,a.电极形状的改进b.空间电荷对原电场的畸变作用c.极不均匀场中屏障的采用d.提高气体压力的作用e.高真空f.高电气强度气体SF6的采用
沿面放电的概念,沿着固体介质表面发展的气体放电现象。多发生在绝缘子、套管与空气的分界面上。
提高沿面放电电压的措施,a.屏障b.屏蔽c.表面处理d.应用半导体材料e.阻抗调节
电介质的极化,在电场的作用下，电荷质点会沿电场方向产生有限的位移现象，并产生电矩（偶极矩）。
介电常数,电介质极化的强弱可用介电常数的大小来表示，与电介质分子的极性强弱有关。
极性电介质和非极性电介质,具有极性分子的电介质称为极性电介质。由中性分子构成的电介质。
极化的基本形式,电子式、离子式（不产生能量损失），转向、夹层介质界面极化（有能量损失）
气体的电导,主要来自于外界射线使分子发生电离和强电场作用下气体电子的碰撞电离
液体的电导,离子电导和电泳电导
固体的电导,离子电导和电子电导
电介质的损耗,a.介质损耗针对的是交流电压作用下介质的有功功率损耗 b.介质损耗一般用介损角的正切值来表示
提高液体电介质击穿电压的措施,提高油品质，采用覆盖、绝缘层、极屏障等措施
固体电介质的击穿,电击穿、热击穿、电化学击穿的击穿机理及特点
影响固体电介质击穿电压的主要因素,电压作用时间 温度 电场均匀程度 受潮 累积效应 机械负荷
电气绝缘非破坏性试验中绝缘电阻与吸收比的测量,a.用兆欧表来测量电气设备的绝缘电阻b.吸收比K定义为加压60s时的绝缘电阻与15s时的绝缘电阻比值。c.K恒大于1，且越大表示绝缘性能越好。d.大容量电气设备中，吸收现象延续很长时间，吸收比不能很好地反映绝缘的真实状态，可用极化指数再判断。e.测量绝缘电阻能有效地发现总体绝缘质量欠佳；绝缘受潮；两极间有贯穿性的导电通道；绝缘表面情况不良。
电气绝缘非破坏性试验中泄漏电流的测量,测量泄漏电流从原理上来说，与测量绝缘电阻是相似的，能发现一些尚未完全贯通的集中性缺陷，原因在于a.在试品上的直流电压要比兆欧表的工作电压高得多，故能发现兆欧表所不能发现的某些缺陷.b.加在试品上的直流电压是逐渐增大的，可以在升压过程中监视泄漏电流的增长动向。
介质损耗角正切的测量,a.tanδ能反映绝缘的整体性缺陷(例如全面老化)和小电容试品中的严重局部性缺陷。根据tanδ随电压而变化的曲线，可判断绝缘是否受潮、含有气泡及老化的程度。b.西林电桥法测量的基本原理 
局部放电,高压电气设备的绝缘内部总是存在一些缺陷，如气泡空隙、杂质等。由于这些异物的电导和介电常数不同于绝缘物，故在外加电场作用下，这些异物附近将具有比周围更高的场强，有可能引起该处物质产生电离放电现象，称为局部放电。
绝缘状态的综合判断中有三比较方法，若个别试验项目不合格，达不到规程的要求，可使用三比较方法，据此进行介绍,a.与同类型设备作比较同类型设备在同样条件下所得的试验结果应该大致相同，若差别很大就可能存在问题 b.在同一设备的三相试验结果之间进行比较若有一相结果相差达50%以上，该相很可能存在缺陷 c.与该设备技术档案中的历年试验数据进行比较若性能指标有明显下降情况，即可能出现新的缺陷 
电气绝缘破坏性试验中绝缘的高电压试验,在高压试验室用工频交流高压、直流高压、雷电冲击高压、操作冲击高压等模拟电气设备的绝缘在运行中受到的工作电压，用以考验各种绝缘耐受这些高电压作用的能力。
电气绝缘破坏性试验中绝缘的高电压试验特点,a.具有破坏性试验的性质 b.一般放在非破坏性试验项目合格通过之后进行，以避免或减少不必要的损失。
工频高电压的产生,a.通常采用高压试验变压器或其串级装置来产生。b.对电缆、电容器等电容量较大的被试品，可采用串联谐振回路来获得试验用的工频高电压。c.工频高压装置是高压试验室中最基本的设备，也是产生其他类型高电压的设备基础部件。
高压试验变压器的特点,a.试验变压器本身应有很好的绝缘，但绝缘裕度小，试验过程中要严格限制过电压。b.试验变压器容量一般不大。c.外观上的特点油箱本体不大而其高压套管又长又大。d.试验变压器与连续运行时间不长，发热较轻，因而不需要复杂的冷却系统。 e.漏抗大，短路电流较小，可降低机械强度方面的要求，节省制造费用。
绝缘的工频耐压试验中工频交流耐压试验作用,检验电气设备绝缘强度的最有效和最直接的方法。
绝缘的工频耐压试验中工频耐压试验作用,可用来确定电气设备绝缘耐受电压的水平，判断电气设备能否继续运行，是避免其在运行中发生绝缘事故的重要手段。
绝缘的工频耐压试验中工频耐压试验与作用,对电气设备绝缘施加比工作电压高得多的试验电压，这些试验电压反映了电气设备的绝缘水平。
工频高压试验的实施方法,a.按规定的升压速度提升作用在被测试品TO上的电压，直到等于所需的试验电压U为止，这时开始计算时间。b.为了让有缺陷的试品绝缘来得及发展局部放电或完全击穿，达到U后还要保持一段时间，一般取一分钟。c.如果在此期间没有发现绝缘击穿或局部损伤（可通过声响、分解出气体、冒烟、电压表指针剧烈摆动、电流表指示急剧增大等异常现象作出判断）的情况，即可认为该试品的工频耐压试验合格通过。
直流高电压试验与直流高电压的产生,a.将工频高电压经高压整流器而变换成直流高电压。 b.利用倍压整流原理制成的直流高压串级装置（或称串级直流高压发生器）能产生出更高的直流试验电压
直流高电压试验中若高压静电电压表PV2量程不够怎么办,可改为球隙、高值电阻串接微安表或高阻值直接分压器来测量高压
直流高压试验的特点,最常见的直流高压试验为某些交流电气设备（油纸绝缘高压电缆、电力电容器、旋转电机等）的绝缘预防性试验。
直流高电压试验和交流耐压试验相比主要有以下一些特点,a.只有微安级泄漏电流，试验设备不需要供给试品的电容电流，试验设备的容量较小，b.试验时可同时测量泄漏电流，由所得得“电压－电流”曲线能有效地显示绝缘内部的集中性缺陷或受潮。C.在直流高压下，局部放电较弱，不会加快有采购绝缘材料的分解或老化变质，一定程度具有非破坏性试验的性质。 d. 直流电压下，绝缘内的电压分布由电导决定，因而与交流运行电压下的电压分布不同，所以交流电气设备的绝缘考验不如交流耐压试验那样接近实际。
冲击高电压试验,a.研究电气设备在运行中遭受雷电过电压和操作过电压的作用时的绝缘性能。 b.许多高压试验室中都装设了冲击电压发生器，用来产生试验用的雷电冲击电压波和操作冲击电压波。 c.高压电气设备在出厂试验、型式试验时或大修后都必须进行冲击高压试验。 
标准雷电冲击全波采用的是什么,非周期性双指数波。
使用多级冲击电压发生器的原因,a.单级冲击电压发生器能产生的最高电压一般不超过200～300kV。b.因而采用多级叠加的方法来产生波形和幅值都能满足需要的冲击高电压波。
内绝缘冲击耐压试验,a.电气设备内绝缘的雷电冲击耐压试验采用三次冲击法，即对被试品施加三次正极性和三次负极性雷电冲击试验电压。（1.2/50us全波）。b.对变压器和电抗器类设备的内绝缘，还要进行雷电冲击截波（1.2/2～/2-5us）耐压试验，其对绕组绝缘(特别是纵绝缘)的考验往往更加严格。	
外绝缘冲击耐压试验,a.可采用15次冲击法，即对被测试品施加正、负极性冲击全波试验电压各16次，相邻两次冲击的时间间隔应不小于1min。在每组15次冲击的试验中，如果击穿或闪络的闪数不超过2次，即可认为该外绝缘试验合格。b.内、外绝缘的操作冲击高压试验的方法与雷电冲击全波试验完全相同。
高电压的测量技术实验,a.高电压试验除了要有产生各种试验电压的高压设备，还必须要有能测量这些高电压的仪器和设备。b.电力系统中，广泛应用电压互感器配上低电压表来测量高电压；但此法在试验室中用得很少。试验室条件下广泛应用高压静电电压表、峰值电压表、球隙测压器、高压分压器等仪器测量高电压。c.国标规定，高电压的测量误差一般应控制在±3％以内。 
静电电压表介绍,a.静电电压表测交流时为其电压有效值，测带脉动的直流时近似为其平均值。b.静电电压表不能用于测量冲击电压。c.静电电压表的内阻很高，在测量时几乎不会改变被测试样上的电压。d.大气中工作的高压静电电压表量程上限在50-250kV;SF6气体中可达500-600kV。更高的电压需配合分压器使用
峰值电压表的制成原理通常有两种，分别介绍,一种是利用整流电容电流测量，另一种是利用整流充电电压测量。峰值电压表可分为交流峰值电压表和冲击峰值电压表。
介绍球隙测压器,a.测量球隙由一对相同直径的金属球构成，测量误差2%-3%，满足大多数工程测试的要求。b.当球隙距离d与直径D之比不大时，球隙间的电场为稍不均匀电场，其击穿电压决定于球隙间的距离。c.能直接测量高达数兆伏的各类高电压峰值。
球隙的优点,a.击穿时延小，放电电压分散性小，具有比较稳定的放电电压值和较高的测量精度 b.50%冲击放电电压与静态（交流或直流）放电电压的幅值几乎相等。 c.由于湿度对稍不均匀场的影响较小，可不必对湿度进行校正。
被测电压很高时如何测量,采用高压分压器来分出一小部分电压，然后利用静电电压表、峰值电压表、高压示波器等来测量。
对分压器的技术要求,a.要求分压比具有一定的准确度和稳定性(幅值误差要小);每一个分压器均由高压臂和低压臂组成，在低压臂上得到的就是分给测量仪器的低电压，总电压与该低电压之比称为分压比K。b.分出的电压与被测高电压波形的相似性 (波形畸变要小)。
各类测量方式的应用场合,a.静电电压表可测交流和直流，但不能测冲击电压。b. 峰值电压表可用来测交流电压和冲击电压峰值。c.球隙可用来测高达数兆伏的交流、冲击峰值和直流电压。d.电压特别高时，需配合分压器使用。直流高压测量只能使用电阻分压器。交流和冲击高压可使用电阻、电容和阻容分压器。
过电压的概念,指电力系统中出现的对绝缘有危险的电压升高和电位差升高。
无损耗单导线上的波过程,a.波速和波阻抗的计算公式 b.前行波(反行波)电压、电流之间的关系 c.线路中任意一点的电压(电流)等于前行波电压(电流)和反行波电压(电流)之和。d.波阻抗与电阻的区别
线路末端的折射、反射,a.末端开路反射，在反射波所到之处电压提高1倍，而电流降为0。b.末端短路反射在反射波所到之处电流提高1倍，而电压降为0。c.末端接集中负载时的折反射当R和z1不相等时，来波将在集中负载上发生折反射。
行波通过串联电感和并联电容,a.波通过电感（电容）时的最大陡度公式 b.波穿过电感初瞬，在电感前发生电压正的全反射，使电感前电压提高1倍 c.波旁过电容初瞬，则在电容前发生电压负的全反射，使电容前的电压下降为0 d.由于反射波会使电感前电压提高，可能危及绝缘，所以常用并联电容降低波陡度
波在多导线系统中的传播,a.自波阻抗、互波阻抗的公式 b.多导线中电压、电流之间的关系方程c.耦合系数的重要概念
绕组中的波过程,a.变压器在雷电冲击波作用瞬间，可等值为一个电容，称为入口电容 b.在末端接地的单相绕组中，最大电压将出现在绕组首端附近，其值可达1.4U0 c.在末端不接地的单相绕组中，最大电压将出现在中性点附近，其值可达1.9U0 d.通过在绕组首端部位加一些电容环和电容匝以及增大纵向电容可降低电位梯度 e.三相变压器多相进波时的最大电位（星形接线、三角形接线） f.变压器绕组之间的波过程通过静电耦合和电磁耦合传递 g.旋转电机匝间绝缘上的电压与入侵波陡度成正比
雷电的放电过程,先导放电阶段 主放电阶段 余辉放电阶段
主要的雷电参数,雷电日及雷电小时、地面落雷密度、雷电流幅值、雷电流等值波形及陡度。
雷电过电压的分类,a.直击雷过电压b.感应雷过电压
避雷针防雷原理及保护范围,a.作用是吸引雷电击于自身，并将雷电流迅速泄入大地，从而使被保护物体免遭直接雷击。b.避雷针需有足够截面的接地引下线和良好的接地装置，以便将雷电流安全可靠地引入大地。 c.单根和双根等高避雷针的保护范围
避雷线（地线）防雷原理及保护范围,a.避雷线的防雷原理与避雷针相同，主要用于输电线路的保护，b.可用来保护发电厂和变电所，近年来许多国家采用避雷线保护500kV大型超高压变电所。c.用于输电线路时，避雷线除了防止雷电直击导线外，同时还有分流作用，以减少流经杆塔入地的雷电流从而降低塔顶电位。d.避雷线对导线的耦合作用还可以降低导线上的感应雷过电压。 e.单根及双根避雷线的保护原理
避雷器工作原理及常用种类,a.避雷针(线)不能完全避免设备不受雷击;从输电线路上也可能有危及设备绝缘的过电压波传入发电厂和变电所。b.避雷器实质上是一种过电压限制器，与被保护的电气设备并联连接，当过电压出现并超过避雷器的放电电压时，避雷器先放电，从而限制了过电压的发展，使电气设备免遭过电压损坏。c.避雷器的常用类型有保护间隙、管型避雷器、阀式避雷器和金属氧化物避雷器。
对避雷器的基本要求,a.绝缘强度的合理配合 避雷器与被保护设备的伏秒特性应有合理的配合。在绝缘强度的配合中，要求避雷器的伏秒特性比较平直、分散性小。b.绝缘强度的自恢复能力避雷器一旦在冲击电压作用下放电，就造成对地短路。随之工频短路电流（工频续流）要流过此间隙，避雷器应当具有自行截断工频续流，恢复绝缘强度的能力，使电力系统得以继续正常工作。c.阀型避雷器的保护原理及阀片的作用。d.残压、灭弧电压的重要概念
输电线路落雷次数,每100km线路每年的雷击次数
耐雷水平,雷击线路绝缘不发生闪络的最大雷电流幅值，以kA为单位。
雷击跳闸率,每100km线路每年由雷击引起跳闸次数。这是衡量线路防雷性能的综合指标。
我国110kV及以上线路一般全线都装设避雷线，而35kV及以下线路一般不装设避雷线，中性点直接接地系统有避雷线的线路遭受直击雷一般有三种情况,a.雷击杆塔塔顶；b.雷击避雷线档距中央；c.雷电绕过避雷线击于导线
线路跳闸需满足的条件,a.线路落雷 b.雷电流超过线路耐雷水平，线路绝缘发生冲击闪络，雷电流沿闪络通道流入大地，但作用时间很短，线路开关来不及动作 c.当闪络通道流过的工频短路电流的电弧持续燃烧时，才会跳闸停电
输电线路的防雷保护措施,a.架设避雷线、降低杆塔接地电阻、架设耦合地线、采用不平衡绝缘、装设自动重合闸、采用消弧线圈、装设避雷器、加强绝缘是主要的防雷方式 b. 确定输电线路防雷方式时，还应全面考虑线路综合因素，因地制宜地采取合理的保护措施。 
发电厂、变电所遭受雷害的两个方面,a.雷直击于发电厂、变电所 防护措施是采用避雷针或避雷线 b.雷击输电线后产生的雷电波侵入发电厂、变电所 防护措施是装设避雷器，同时还应限制流过避雷器的雷电流幅值和陡度。
变电所的进线段保护,a.为使变电所内避雷器能可靠地保护电气设备，必须限制流经避雷器的电流幅值不超过5kA（330kV-500kV为10kA）、限制侵入波陡度α不超过一定的允许值。b.35-110kV无避雷线线路，雷击变电所附近导线时，两者都有可能超过。c.进线段保护是指在临近变电所1-2km的一段线路上加强防雷保护措施，从而使避雷器雷电流的幅值和陡度都降低到合理范围内。  35kV及以上变电所的进线段保护
保护角不宜超过多少度,20度
变压器的防雷保护,（1）三绕组变压器的防雷保护（2）自耦变压器的防雷保护（3）变压器中性点的防雷保护
旋转电机的防雷保护特点,a.旋转电机主绝缘的冲击耐压值远低于同级变压器的冲击耐压值 b.运行中的旋转电机主绝缘低于出厂时的核定值 c.保护旋转电机用的磁吹避雷器的保护性能与电机绝缘水平的配合裕度很小（主绝缘）d.由于电机绕组匝间电容较小，匝间承受电压正比于陡度，要求来波陡度较小(匝间绝缘) e.电机绕组中性点一般不接地，三相进波时，中性点电压可达进波电压的两倍(中性点绝缘）
直配电机的防雷措施,a.避雷器保护b.电容器保护c.电缆段保护d.电抗器保护
内部过电压,电力系统中，除了雷电过电压外，还存在由于自己内部原因而引起的过电压，包括稳态过电压和操作过电压
操作过电压,当开关操作或事故状态时引起系统拓扑结构发生改变时，各储能元件的能量重新分配时发生振荡，从而出现的电压升高的现象，持续时间0.1s以内
稳态过电压,由工频电压升高和谐振现象引起，持续时间比操作过电压长得多，有些甚至长期存在
工频过电压的特点,（1)工频电压升高的大小会直接影响操作过电压的实际幅值。操作过电压是叠加在工频电压升高之上的，从而达到很高的幅值。（2）它的大小会影响保护电器的工作条件和保护效果     避雷器的最大允许工作电压是由避雷器安装处工频过电压值来决定的。如工频电压过高，避雷器的最大允许工作电压也越高，避雷器的冲击放电电压和残压也将提高，相应被保护设备的绝缘水平要随之提高（3）持续时间长，对设备绝缘及其运行性能有重大影响，例如引起油纸绝缘内部电离，污秽绝缘子闪络，铁心过热，电晕等
不对称短路引起的工频电压升高的相关概念,a.不对称短路是电力系统中最常见的故障形式，当发生单相或两相对地短路时，健全相上的电压都会升高，其中单相接地引起的电压升高更大一些。b.阀式避雷器的灭弧电压通常也就是根据单相接地时的工频电压升高来选定的。c.单相接地时，故障点各相的电压、电流是不对称的，为了计算健全相上的电压升高，通常采用对称分量法和复合序网进行分析。
从中性点接地的情况分析避雷器的选择,a.对于中性点不接地系统，当单相接地时，健全相的工频电压升高约为线电压的1.1倍。在选择避雷器时，灭弧电压取110%的线电压，称为110%避雷器 b.对中性点经消弧线圈接地系统在过补偿时，单相接地时健全相上电压接近线电压。在选择避雷器灭弧电压时，取100%的线电压，称为100%避雷器 c.对中性点直接接地系统单相故障接地时，健全相电压约为0.8倍线电压。避雷器的最大灭弧电压取为最大线电压的80%，称为80%避雷器
工频电压升高的限制措施,在考虑线路的工频电压升高时，如果同时计及空载线路的电容效应、单相接地及突然甩负荷等三种情况，那么工频电压升高可达到相当大的数值。 实际运行经验表明在一般情况下，220kV及以下的电网中不需要采取特殊措施来限制工频电压升高 
在330～500kV超高压电网中，应采用怎样的措施限制电压,并联电抗器或静止补偿装置等措施，将工频电压升高限制到1.3～1.4倍相电压以下
谐振过电压的分类,(1) 线性谐振电感参数L与电容C、电阻R一样，都是线性参数，不随电流、电压而变化，设计和运行时应设法避开谐振条件(2) 参数谐振电感参数周期性变化，设计时应当避开谐振点(3) 铁磁谐振带铁心电感的饱和现象
切断空载线路过电压相关概念,a.切除空载线路是电网中常见操作之一 b.在切空载线路的过程中，虽然断路器切断的是几十安到几百安的电容电流，比短路电流小的多 c.如果使用的断路器灭弧能力不强，在切断这种电容电流时就可能出现电弧的重燃，从而引起电磁振荡，造成过电压。
限制切除空载线路过电压的最根本措施是什么，还有什么方法,根本措施是设法消除断路器的重燃现象，还有a.采用灭弧性能强的快速动作断路器 b. 利用避雷器保护 c.断路器线路侧接电磁式电压互感器 d线路侧接并联电抗器 并联电抗器与线路电容构成振荡回路，使线路上的残余电压转化为交流电压 e.使用带并联电阻的断路器
空载线路合闸过电压相关概念,a.电力系统中，空载线路合闸过电压也是一种常见的操作过电压。通常分为两种情况，即正常操作和自动重合闸。b.由于初始条件的差别，重合闸过电压的情况更为严重。c.近年来由于采用了种种措施（如采用不重燃断路器、改进变压器铁芯材料等）限制或降低了其他幅值更高的操作过电压，空载线路合闸过电压的问题就显得更加突出。
限制空载线路合闸过电压措施,a.装设并联合闸电阻 b.同步合闸 c.利用避雷器来保护 d.单相重合闸
切除空载变压器过电压相关概念,a.正常运行时，空载变压器表现为一励磁电感。b.切除空载变压器就是开断一个小容量电感负荷，会在变压器和断路器上出现很高的过电压。c.开断并联电抗器、电动机等，也属于切断感性小电流的情况。
切断100A以上的交流电流时，开关触头间的电弧和等值电感中储存的磁场能量情况,开关触头间的电弧通常是在工频电流自然过零时熄灭的，等值电感中储存的磁场能量为零
解释截流现象,当所切除的电流很小时（变压器的空载电流非常小，只有几安到几十安），开关中的去游离作用又很强，电弧往往提前熄灭，亦即电流会在过零之前就被强行切断。出现截流时，等值电感中储存的磁场能量全部转化为电场能量，从而出现很高的过电压
限制切除空载变压器过电压措施,1、采用避雷器保护在断路器的变压器侧装设阀型避雷器，非雷雨季节也不能退出运行。2、装设并联电阻  在断路器的主触头上并联一线性或非线性电阻，其限值应接近于被切电感的工作激磁阻抗（数万欧）。
断续电弧接地过电压概念介绍,中性点不接地电网中的单相接地电流(电容电流)较大，接地点的电弧将不能自熄，而以断续电弧（断续地熄灭和重燃）的形式存在，就会产生另一种严重的操作过电压——断续电弧接地过电压。
断续电弧接地过电压防护措施,1、采用中性点直接接地方式若中性点接地，单相接地故障将在接地点产生很大的短路电流，断路器将跳闸，从而彻底消除电弧接地过电压。目前，110kV及以上电网大多采用中性点直接接地的运行方式。2、采用中性点经消弧线圈接地方式采用中性点直接接地方式能够解决断续电弧问题，但每次发生单相接地故障都会引起断路器频繁跳闸，严重影响供电的连续性。所以，我国35kV及以下电压等级的配电网采用中性点经消弧线圈接地的运行方式。
绝缘配合的概念,根据电气设备在系统中可能承受的各种电压，并考虑过电压的限制措施和设备的绝缘性能后来确定电气设备的绝缘水平，以便把作用于电气设备上的各种电压（正常工作电压及过电压）所引起的绝缘损坏降低到经济上和运行上所能接受的水平。其核心问题为确定设备的绝缘水平。
绝缘水平是什么,设备可以承受（不发生闪络、击穿或其他损坏）的试验电压标准
避雷器对设备的保护可有哪两种方式,（1）避雷器只用作雷电过电压的保护，而不用来保护内部过电压。220kV及以下系统都采用此种方式，内部过电压对正常绝缘无危险（2）避雷器主要于雷电过电压的保护，但也用作内部过电压的后备保护。超高压系统中采用，依靠断路器将内部过电压限制在一定水平。避雷器在内过电压下一般不动作，只有很大时才动作。
线路绝缘子串应满足三方面的要求,a.在工作电压下不发生污闪；b.雨天时在操作过电压下不发生闪络（湿闪）；c.具有一定的雷电冲击耐压强度，保证一定的线路耐雷水平。
绝缘子串中绝缘子片数的确定方法,选工作电压和操作过电压两者要求的大者作为绝缘子的片数，再按雷电过电压的要求进行验算即可
绝缘子串中绝缘子片数的确定中风偏角的影响,就塔头空气间隙上可能出现的电压幅值来看，一般是雷电过电压最高、操作过电压次之、工频工作电压最低。
绝缘子串中绝缘子片数的确定中，哪三种情况下可能出现的风偏角则刚好相反,a.由于工作电压长期作用在导线上，其可能引起的风偏角最大b.雷电过电压持续时间最短，可能出现的风偏角最小c.操作过电压持续时间较短，可能出现风偏角介于以上两者之间
35KV及以下的输电线路为什么一般不采用全线架设避雷线的措施？,35kv及以下电压等级的输电系统一般都为中性点不接地系统，当发生由雷电引起的冲击闪络后，随后出现的工频闪络电流很小，不能形成稳定的工频电弧，因此，不会引起线路跳闸，所以，当一相由于雷击而引起闪络后，仍能正常工作，这样虽不装设避雷线，雷击引起的闪络概率增大，但这种闪络不会导致线路跳闸而影响正常供电。故35kv及以下输电线路一般不架设避雷线，一相闪络后，再出现第二相闪络，形成相间短路，出现打的短路电流，才能引起线路跳闸，只有雷电流很大时才会出现这种情况。
说明变电所进线保护段的作用及对它的要求？,变电所进线保护段的作用有两个其一是限制雷电侵入波电压作用下流过避雷器的电流；其二是降低最终进入变电所雷电侵入波的波头陡度。对进线保护段的要求其应具有比线路更高的耐雷水平，这段线路的避雷线应具有更小的对导线的保护角，而全线无避雷线线路则当然在这段线路上架设避雷线。
避雷针的保护原理,当雷云放电时，使地面电场畸变，在避雷针的顶端形成局部场强集中的空间以影响雷云闪光先导放电的发展方向，使雷闪对避雷针的放电，再经过接地装置将雷电引入大地，从而使被保护物体免遭雷击。
输电线路的防雷措施,架设避雷线、降低塔杆接地电阻、架设耦合地线、采用不平衡绝缘方式、装设自动重合闸、采用消弧线圈接地方式、装设避雷器、加大绝缘。
为什么在低压侧装设避雷器？,为了防止正、反变换过程出现的过电压，应在变压器的低压侧加装一组避雷器，完善变压器的防雷保护。如果只在高压侧装设避雷器，当雷击高压侧线路时，避雷器动作，雷击电流流过接地电阻，并在接地电阻上产生电压降，低压侧此时没有避雷器，这一电压值低于低压侧中性点，而低压侧出现相当于经线路波阻抗接地，这一电压降绝大部分降作用于变压器低压绕组产生电流，通过电磁耦合作用，在高压侧感应出电动势的过程叫做反变换；如果变压器低压侧落雷，作用于低压侧的冲击电压按照变比关系感应到高压侧，使高压绕组上出现过电压，而高压侧的绝缘裕度较低压侧小，可能引起高压侧首先击穿，这个过程叫正变换；
简述绝缘污闪,户外绝缘子在污秽状态下发射管的沿面放电闪络成为绝缘子的污闪。误会绝缘子的闪络往往发生在大气湿度很高等不利的气候条件下，此时闪络电压大大降低，可能在工作电压下发生闪络，从而加剧了事故的严重性。
防止绝缘污闪的措施,清除污秽层、提高绝缘子的表面耐潮性和憎水性、采用半导体釉绝缘子。
什么是介质损耗？为什么能用tanδ代替介质损耗？,在交流电压下，介质的有功功率损耗为介质损耗。当外加电压和频率一定时，P与戒指的物理电容C 成正比，对一定结构的试品而言，电容C 是定值，P与tanδ成正比，故对同类试品绝缘的优劣，可直接用tanδ代替介质损耗。
累积效应,随着施加冲击或工频试验电压次数增多，固体介质的击穿电压降下降的现象，称为累积效应。
非破坏性试验,是指在较低电压下，用不损伤设备绝缘的办法来判断绝缘缺陷的试验；（这类试验对发现缺陷有一定的作用和有效性，但是由于试验电压较低，发现缺陷的灵敏性不高）
破坏性试验,是用较高的电压来考验设备的绝缘水平。易于发现设备的集中性缺陷，考验设备绝缘水平，但由于电压较高，可能给被试品造成损伤。   
接地装置,是包括引线在内的埋设在地中的一个或一组金属体，或由金属导体组成的金属网，其功能是用来泄放故障电流。雷电或其它冲击电流，稳定电位。
气体放电形式,辉光放电、电晕放电、火花放电、刷状放电和电弧放电。
电介质的极化形式,电子式位移极化、离子式位移极化、偶极子极化、空间电荷极化。
气体的放电现象包括,击穿和闪络
绝缘油的气相色谱分析方法,特征气体法、依据气体含量的注意值和产气率、三比值法。
输电线路感应过电压的形式分为,放电起始阶段和主放电。
建弧率是什么,将冲击闪络转化为稳定的工频电弧的概率。
35KV及以下的输电线路为什么一般不采用全线架设避雷线的措施？,35kv及以下电压等级的输电系统一般都为中性点不接地系统，当发生由雷电引起的冲击闪络后，随后出现的工频闪络电流很小，不能形成稳定的工频电弧，因此，不会引起线路跳闸，所以，当一相由于雷击而引起闪络后，仍能正常工作，这样虽不装设避雷线，雷击引起的闪络概率增大，但这种闪络不会导致线路跳闸而影响正常供电。故35kv及以下输电线路一般不架设避雷线，一相闪络后，再出现第二相闪络，形成相间短路，出现打的短路电流，才能引起线路跳闸，只有雷电流很大时才会出现这种情况。
说明变电所进线保护段的作用及对它的要求？,变电所进线保护段的作用有两个其一是限制雷电侵入波电压作用下流过避雷器的电流；其二是降低最终进入变电所雷电侵入波的波头陡度。
对进线保护段的要求,其应具有比线路更高的耐雷水平，这段线路的避雷线应具有更小的对导线的保护角，而全线无避雷线线路则当然在这段线路上架设避雷线。
避雷针的保护原理,当雷云放电时，使地面电场畸变，在避雷针的顶端形成局部场强集中的空间以影响雷云闪光先导放电的发展方向，使雷闪对避雷针的放电，再经过接地装置将雷电引入大地，从而使被保护物体免遭雷击。
输电线路的防雷措施,架设避雷线、降低塔杆接地电阻、架设耦合地线、采用不平衡绝缘方式、装设自动重合闸、采用消弧线圈接地方式、装设避雷器、加大绝缘。
气体放电的主要形式,辉光放电 、 火花放电 、电弧放电 、电晕放电 、刷状放电
根据巴申定律，在某一PS值下，击穿电压存在什么值。,极小值
在极不均匀电场中，空气湿度增加，空气间隙击穿电压怎样变化,提高
对支持绝缘子，加均压环能提高闪络电压的原因是,改善电极附近电场分布。
沿面放电就是沿着什么表面气体中发生的放电。,固体介质 
越易吸湿的固体，沿面闪络电压就越怎样,提高
常规的防污闪措施有,增加爬距，加强清扫，采用硅油、地蜡等涂料
交流高电压试验设备主要是指,高电压试验变压器
传输线路的波阻抗与什么有关，与什么无关。,传输线路的波阻抗与单位长度电感和电容有关，与线路长度无关。
在末端开路的情况下，波发生反射后，导线上的电压会怎样,提高一倍
波传输时，发生衰减的主要原因是,导线电阻和线路对地电导 、大地电阻和地中电流等值深度的影响 、冲击电晕的影响。
Z1、Z2两不同波阻抗的长线相连于A点，行波在A点将发生折射与反射，反射系数的β取值范围为,－1≤β≤1。
落雷密度是指,每雷暴日中每平方公里地面内落雷的次数。
雷电波的波头范围一般在怎样的范围内，在我国防雷设计中，通常建议采用什么长度的雷电流波头长度。,雷电波的波头范围一般在1us到5us范围内，在我国防雷设计中，通常建议采用2.6us长度的雷电流波头长度。
埋入地中的金属接地体称为接地装置，其作用是,降低接地电阻
中等雷电活动地区是指该地区一年中听到雷闪放电的天数Td范围为，15～40。
对于500kV的高压输电线路，避雷线的保护角   一般不大于,15° 。
输电线路防雷性能的优劣，工程上主要用哪两个指标来衡量,耐雷水平和雷击跳闸率
GIS的绝缘水平主要取决于,雷电冲击水平。
降低杆塔接地电阻是提高线路耐雷水平防止什么的有效措施。,反击
避雷针加设在配电装置构架上时，避雷针与主接地网的地下连接点到变压器接地线与主接地网的地下连接点之间的距离不得小于多少,15m
我国35~220kV电网的电气设备绝缘水平是以避雷器多少kA下的残压作为绝缘配合的设计依据。,5
在中性点非直接接地系统中，主要的操作过电压是,弧光接地过电压  。
对于220kV及以下系统，通常设备的绝缘结构设计允许承受可能出现的多少倍的操作过电压。,3～4
三相断路器合闸时总存在一定程度的不同期，而这将加大过电压幅值，因而在超高压系统中多采用,单相重合闸。
要想避免切空线过电压，最根本的措施就是要,改进断路器的灭弧性能。
目前切空变过电压的主要限制措施是采用,采用阀型避雷器。
工频耐受电压的确定，通常是通过什么样的等值工频耐受电压来完成的。,比较雷击冲击耐受电压和操作冲击耐受电压   
在污秽地区或操作过电压被限制到较低数值的情况下，线路绝缘水平主要由什么来决定,最大工作电压
气体击穿,气体由绝缘状态变为导电状态的现象称为击穿。
沿面闪络,若气体间隙存在固体或液体电介质，由于固体和液体的交界面处是绝缘薄弱环节，击穿常常发生在固体和液体的交界面上，这种现象称为沿面闪络。
气体击穿,气体由绝缘状态变为导电状态的现象称为击穿。
沿面闪络,若气体间隙存在固体或液体电介质，由于固体和液体的交界面处是绝缘薄弱环节，击穿常常发生在固体和液体的交界面上，这种现象称为沿面闪络。
辉光放电,当气体电压较低，放电回路电源功率较小，外施电压增到一定值时，气体间隙突然放电并使整个间隙发亮，这种放电形式称为辉光放电。
火花放电,放电间隙反复击穿时，在气体间隙中形成贯通两极的断断续续的不稳定的明亮细线状火花，这种放电形式称为火花放电。
电弧放电,若放电回路阻抗较小，电源容量又大，气体间隙一旦放电电流极大，放电间隙温度极高，放电通道发出耀眼的光亮，这种放电形式称为电弧放电。
电晕放电,若构成气体间隙的电极曲率半径很小，或电极间距离很大，当电压升到一定数值时，将在电场非常集中的尖端电极处发生局部的类似月亮晕光的光层，这时用仪表可观测到放电电流。随着电压的增高，晕光层逐渐扩大，放电电流也增大，这种放电形式称为电晕放电。
刷状放电,在电晕放电的条件，电压升的更高，则在电晕电极上伸出许多类似刷状的放电火花，放电电流虽比电晕电流大的多，但电流仍局限在电极附近的区域内，没有贯穿两极，间隙也能承受电压的作用，这种放电形式称为刷状放电。游离过程吸收能量产生电子等带电质点，不利于绝缘；复合过程放出能量，使带电质点减少消失，有利于绝缘。两种过程在气体中同时存在，条件不同，强弱程度不同。游离主要发生在强电场区、高能量区；复合发生在低电场、低能量区。
非自持放电,需要依靠外界游离因素支持的放电称为非自持放电。
自持放电,即使外界游离因素不存在，间隙放电仅依靠电场作用即可继续进行的放电，称为自持放电。
试分析波阻抗的物理意义极其与电阻的不同。,波阻抗Z是电压波与电流波之间的一个比例常数，即Z=u’/I’。和电阻一样，与电源频率或波形无关，呈阻性。不同（1）波阻抗只是一个比例常数，完全没有长度的古、概念，线路长度的大小并不影响波阻抗Z的数值；而一条长线的电阻是与线路长度成正比的；（2）波阻抗从电源吸收的功率和能量是以电磁能的形式储存在导线周围的媒质中，并未消耗掉；而电阻从电源吸收的功率和能量均转化为热能而散失掉了。
在何种情况下应使用串联电感降低入侵波的陡度？在何种情况下应使用并联电容？试举例说明。,电压入射波不是无限长直角波，而是波长很短的矩形波，应使用串联电感，不但能拉平波前和波尾，而且还能在一定程度上降低其峰值。如冲击截波。在无限长直角波的情况下应使用并联电容，此时电容充满电后相当于开路。如电容式电压互感器。
试述冲击电晕对防雷保护的有利和不利方面。,有利(1)偶合系数增大；(2)引起的衰减，导线波阻抗减小；(3)波速减小。
试分析在冲击电压作用下，发电机绕组内部波过程和变压器绕组内部波过程的不同点。,发电机绕组内部波过程与输电线行波运动过程相同，由一系列行波变压器绕组内部波过程是一系列振荡驻波。
试述雷电流幅值的定义。,雷电流幅值是表示强度的指标，也是产生雷电过电压的根源，是最重要的雷电参数。
试分析管型避雷器与保护间歇的异同点。,相同点二者采用的火花间隙亦属极不均匀电场，其伏秒特性很陡，难以与被保护绝缘的伏秒特性取得良好的配合。会产生大幅值截波，对变压器类设备的绝缘很不利。不同点保护间隙没有专门的灭弧装置，因而其灭弧能力很有限的。而管型避雷器虽然有较强能力的保护间隙，但所能灭弧的续有一定的上下限。
某电厂的原油罐，直径10m，高出地面10m，用独立避雷针保护，针距罐壁至少5m，试设计避雷针的高度。,hx≥h/2，即有P=1。由rx=(h- hx)P 解得h=15，若hx≤h/2，解的h与假设不一致。即h=15m
试从物理概念上解释避雷针对降低导线上感应过电压的作用。,避雷针理解为“导闪针”或“引雷针”。它是通过使雷击向自身来发挥其保护作用。由于避雷针一般高于被保护对象，它们的切面先导往往开始得最早，发展得最快，从而最先影响下行先导的发展方向使之击向避雷针，并顺利进入地下，从而使处于它们周围的较低物体受到屏蔽保护，免遭雷击。
试分析雷击杆塔的影响耐雷水平的各种因素的作用，工厂中常采用哪些措施来提高耐雷水平？,作用(1)线路绝缘，提高线路绝缘即提高绝缘子串的50%冲击闪络电压。(2)杆塔接地电阻Ri，降低杆塔接地电阻Ri，提高线路耐雷水平和减少反击概率的主要措施。(3)偶合地线，具有一定的分流作用和增大导地线之间的偶合系数，因而提高线路的耐雷水平和降低雷击跳闸率。                                   措施(1)提高线路绝缘；(2)降低杆塔接地电阻；(3)增大偶合系数。
雷电放电可分为哪几个主要阶段？,(1)先导放电阶段；(2)主放电阶段；(3)箭状连续多次放电。
为什么绕击时的耐雷水平远低于雷击杆塔的耐雷水平？,因为绕击时雷闪过避雷线而直接击中了导线产生的影响较大，而在雷击杆塔时，由于杆塔一般不高，其接地电阻较小。
雷电的破坏性是由哪几种效应造成的？各种效应与雷电的哪些参数相关？,雷电的破坏性是由电磁效应，机械效应，热效应等多种效应造成。电磁效应与雷电流幅值，雷电流的计算波形。机械效应与雷电流的计算波形，雷电流的波前时间，陡度及波长。
试述电力系统产生短时过电压的原因极其采用的主要限制措施。,原因电力系统内部储存的磁能量发生交换和振荡。措施(1)装置联合闸电阻(2)同电位合闸(3)利用避雷器来保护
为什么在超高压电网中很重视工频电压升高？引起工频电压升高的主要原因有哪些？,(1)工频电压升高大都在空载或超载条件下发生，它们有可以同时出现相互叠加。(2)工频电压升高是决定某些过电压保护装置工作条件的重要依据。(3)由于工频电压升高是不衰减或衰减现象持续的时间很长，对设备绝缘及其运行条件也有很大的影响。                                              措施(1)采用并联电抗器来补偿线路的电容电流以削弱电容效应。(2)在330-500kv超高压电压中，应采用并联电抗器或静止补偿装置。
切除空载线路和切除空载变压器为什么会产生过电压？断路器中电弧的重燃对两种过电压有什么影响？,切除空载线路和切除空载变压器是由于电力系统内部储存的电磁能量发生互换和振荡产生过电压，影响(1)中性点非有效接地电网的中性点电位有可能发生位移。(2)重放次数对这种过电压的最大值有次侧生的影响。(3)当母线同时接有几条出线，只切除其中的一条，这种过电压较小。(4)断路器外侧有电磁式电压电感器将使线路上的剩余电荷有了附加的泄放路径。
绝缘配合,综合考虑系统中可能出现的各种过电压、保护装置特性及设备的绝缘特性，确定设备的绝缘水平及其使用，从而使设备绝缘故障率或停电事故率降低到经济上和运行上可以接受的水平。
吸收比,指被试品加压60秒时的绝缘电阻与加压15秒时的绝缘电阻之比。
雷击跳闸率,指每100KM线路每年由雷击引起的跳闸次数。
雷暴日,指某地区一年四季中有雷电放电的天数，一天中只要听到一次及以上雷声就是一个雷暴日。
伏秒特性,对某一冲击电压波形，间隙的击穿电压和击穿时间的关系称为伏秒特性。
气体击穿,气体由绝缘状态变为导电状态的现象称为击穿。
耐雷水平,雷击时线路绝缘不发生闪络的最大雷电流幅值。
自恢复绝缘,发生击穿后，一旦去掉外加电压，能恢复其绝缘性能的绝缘。
输电线路耐雷水平,雷击时线路绝缘不发生闪络的最大雷电流幅值。
进线段保护,进线段保护就是在接近变电所1~2km的一段线路上架设避雷线
谐振过电压,当系统进行操作或发生故障时，某一回路自振频率与电源频率相等时，将发生谐振现象，导致系统中某些部分(或设备)上出现的过电压。
电气距离,避雷器与各个电气设备之间不可避免地要沿连接线分开一定的距离。
绝缘配合,就是综合考虑电气设备在系统中可能承受的各种作用电压，合理地确定设备必要的绝缘水平，达到在经济上和安全运行上总体效益最高的目的。
自持放电,不需要靠外界电力因数的作用，由放电过程本身就可以不断地供给引起后继电子崩的二次电子。
雷电日和雷电小时,雷电日是该地区1年中有雷电的天数。雷电小时是该地区1年中有雷电的小时数。
击杆率.,雷击杆塔次数与雷击线路总次数之比。
50%冲击放电电压U50% ,放电概率为50%时的冲击放电电压
避雷线的保护角,指避雷线和外侧导线的连线与避雷线的垂线之间的夹角，用来表示避雷线对导线的保护程度。保护角愈小，避雷线就愈可靠地保护导线免遭雷击。
接地电阻接地装置对地电位u与通过接地极流入地中电流i的比值称为,接地电阻。
电介质的极化,电介质在电场作用下产生的束缚电荷的弹性位移和偶极子的转向位移现象。
电子位移极化,当外加电场后，电场力将使荷正电的原子核向电场方向位移，  荷负电的电子云中心向电场反方向位移，但原子核对电子云的引力又使两者倾向于重合，当这两种作用力达到平衡时，感应电矩也达稳定，这个过程称为电子位移极化。  
离子位移极化,在由离子结合成的介质内，外电场的作用除了促使各个离子内部产生电子位移极化外，还产生正、负离子相对位移而形成的极化。  
转向极化,当有外电场时，每个分子的固有偶极矩就有转向电场方向的趋势，顺电场方向作定向排列。但是由于受分子热运动的干扰，这种转向定向的排列，只能达到某种程度，而不能完全。随场强和温度的不同，这种转向排列在不同的程度上达到平衡，对外呈现出宏观电矩，这就是极性分子的转向极化。 
空间电荷极化,在电场的作用下，带点质点在电介质中移动时，可能被晶体捕捉，或在两层介质的界面上堆积，造成电荷在介质空间中新的分布，从而产生电矩。
电子崩,外界电离因子在阴极附近产生一个初始电子如果空间的电场强度足够大，该电子在向阳极运动时就会引起碰撞电离，产生出一个新电子，初始电子和新电子继续向阳极运动，又会引起新的碰撞电离，产生出更多的电子。依次类推，电子数将按几何级数不断增多，像雪崩似的发展，这种急剧增大的空间电流被称为电子崩。 
巴申定律,在均匀的电场中，击穿电压Ub与气体的相对密度 δ 、极间距离S的积有函数关系， 只要δ 与S的乘积不变，Ub也就不变。 
介质的损耗,在电场的作用下，电介质由于电导引起的损耗和有损极化（如偶极子极化、夹层极化等）引起的损耗。
介质损耗角 δ, 为功率因数角 φ 的余角，其正切 tgδ 又可称为介质损耗因数，常用百分数（%）来表示。
介质损耗因数（tgδ）,是表征绝缘在交变电压作用下比损耗大小的特征参数，它与绝缘体的形状和尺寸无关，它是绝缘性能的基本指标之一。
吸收曲线,在直流电压作用下，流过绝缘的总电流随时间而变化的曲线，称为吸收曲线。  
辉光放电 ,放电光辉充满整个电极空间，电流密度在1-5A/cm2之间，整个间隙呈绝缘状态。
电晕放电 ,高场强电极附近出现发光的薄层，伴随着咝咝的声音和臭氧的气味，整个间隙呈绝缘状态。
刷状放电 ,由电晕电极伸出的明亮而细的断续的放电通道，电流增大，间隙仍未被击穿。
火花放电 ,贯通两电极的明亮而细的断续的放电通道，火花放电间歇地击穿间隙。
电弧放电 ,持续贯通放电通道，间隙被完全击穿。
气隙沿面放电,沿着气体与固体（或液体）介质的分界面上发展的放电现象。 
闪络,沿面放电发展到贯穿两极，使整个气隙沿面击穿。  
气隙击穿时间,静态击穿电压U0——长时间作用在间隙上能使间隙击穿的最低电压。 
击穿时间tb,从开始加压的瞬时起到气隙完全击穿为止总的时间称为击穿时间。 
50%冲击击穿电压 （U50% ),指某气隙被击穿的概率为50%的冲击电压峰值。
冲击系数β,U50% 与 静态击穿电压Us 之比称为冲击系数 β。均匀和稍不均匀电场下冲击击穿电压的分散性很小， 冲击系数 β≈1。极不均匀电场中由于放电时延较长，冲击系数 β 均大于1。  
小桥理论（热击穿）,液体中所含的杂质在电场力的作用下沿电力线排列形成杂质“小桥”。由于组成此“小桥”的纤维及水分等的电导较大，使泄漏电流增大，发热增加，最终造成液体的击穿。 
绝缘电阻,电介质在加压无穷长时间测得的电阻称为绝缘电阻。  
吸收比K,绝缘体在加电压60s与15s时分别所测得的绝缘电阻值的比值，称为吸收比。 
极化指数P,绝缘体在加电压后10min和1min分别所测得的绝缘电阻值的比值。
雷电流,雷击于接地阻抗为零的物体时流经接地体的电流。国际规定接地体阻抗小于30Ω。 
雷暴日,一年中有雷电流活动的日数。凡是有雷电活动的一天，不管雷电次数多少都记为1。
雷暴小时,一年中有雷电的小时数。一个小时中有听到雷声就为一个雷暴小时。
地面落雷密度,每一雷暴日每平方千米地面遭受雷击的次数，以γ表示。
耐雷水平,雷击线路时绝缘不发生闪络的最大雷电流的幅值，以kA为单位。 
雷击跳闸率,每100km线路每年由雷击引起的跳闸次数称为“雷击跳闸串”，这是衡量线路防雷性能的综合指标。  
电晕,伴随着游离而存在的复合和反激励，发出大量的光辐射，使在黑暗中可以看到在该电极附近空间发出蓝色的晕光。 
极性效应,无论是长气隙还是短气隙，击穿的发展过程都随着电压极性的不同而有所不同，即存在极性效应。 
湿闪电压,洁净的瓷表面被雨水淋湿时的沿面放电，相应的电压称为湿闪电压。 
污闪电压,绝缘子表面有湿污层时的闪络电压称为污闪电压 
等值附盐密度,（简称“等值盐密”）来表征绝缘子表面的污秽度，它指的是每平方厘米表面所沉积的等效氯化钠（NaCl）毫克数。 
爬电比距 λ  ,指外绝缘“相—地”之间的爬电距离(cm) 与系统最高工作（线）电压（kv，有效值）之比。
电击穿,类似于气体电介质那样，由于电场的作用使电介质中的某些带电质点积聚的数量和移动的速度达到一定程度时，使电介质失去了绝缘的性能，形成导电通道，这样的击穿称为电击穿
热击穿,在电场的作用下，由于电介质损耗和泄漏等原因而使固体电介质内发出的热量大于散失的热量，使介质温度不断上升，最终造成介质本身的破坏，转化成导电通道，这样的击穿称为热击穿。  
老化,电气设备的绝缘在长期运行过程中会发生一系列物理变化(如固体介质软化或熔解，低分子化合物及增塑剂的挥发)和化学变化(如氧化、电解、电离、生成新物质)，致使其电气、机械及其他性能逐渐劣化。  
电老化,电介质在电场的长时间作用下，会逐渐发生某些物理化学变电老化电介质在电场的长时间作用下，会逐渐发生某些物理化学变化(例如电解、电离、氧化等)，形成新的物质，逐渐使介质的物理、化学性能发生不可逆的劣化，最终寻致被击穿，这个过程称为电老化。 
局部放电,指在一定外施电压作用下，电气设备内部绝缘弱点处发生的局部重复击穿和熄灭现象。  
“容升”现象,容性负荷电流经变压器的漏抗产生压升，使变压器高压侧的输出电压比按空载变比所预期的值还高，即所谓“容升”现象。 
变压器的入口电容,t=0瞬间，绕组相当于一电容链，此电容链可等值为一集中电容，称为变压器的入口电容。 
耐雷水平,雷击线路时绝缘不发生闪络的最大雷电流的幅值，以kA为单位。  雷击跳闸率每100km线路每年由雷击引起的跳闸次数称为“雷击跳闸串”，这是衡量线路防雷性能的综合指标。
介电常数基本概念,介质在外加电场时会产生感应电荷而削弱电场，原外加电场（真空中）与最终介质中电场比值即为介电常数。 
平均自由程,是指两次碰撞之间一个分子平均所走的距离。 
激励,在常态下，电子受外界因素影响由低能量级轨道上跃迁到高能量级轨道的现象 电离产生带电离子的物理过程  
迁移率,带电离子虽然不可避免地要与气体分子不断地发生碰撞，但在电场力的驱动下，仍将沿着电场方向漂移，其速度u与场强E其比例系数k=u/E。 
扩散,在热运动的过程中，粒子会从浓度较大的区域运动到浓度较小的区域，从而使每种粒子的浓度分布均匀化。
逸出功,电子从金属表面逸出需要一定的能量 附着当电子与气体分子碰撞时，可能会发生电子与中性分子相结合而形成负离子的情况。易于产生负离子的气体称为电负性气体。
气体放电 ,将气体中流通电流的各种形式称作气体放电。
击穿与闪络,当气体间隙上的电压达到一定数值时，电流突然剧增，使气体失去绝缘性能。气体由绝缘状态突变为良导电状态的过程，称为击穿。当击穿过程发生在气体与液体或气体与固体的交界面上时，称为沿面闪络。
正流注,电子崩先从阴极到阳极，在阳极附近形成正、负带电质点构成的等离子体，然后再从阳极贯穿阴极，整个间隙击穿。
负流注,电子崩尚未贯穿间隙即形成流注，流注再贯穿气隙。
操作过电压,电力系统存在电感和电容，在操作过程或发生事故时会引起振荡过程，造成很高的过电压。
相对电气强度,在压力和距离相同的条件下，气体的电气强度和空气的电气强度之比。
局部放电,发生在电极之间，但并未贯通的放电。这种放电可以在导体附近发生，也可以不在导体附近发生。
在极不均匀电场中，间隙完全被击穿之前，电极附近会发生什么，产生什么,电极附近会发生电晕，产生暗蓝色的晕光。
冲击电压分为,雷电冲击电压操作冲击电压
固体电介质的击穿有什么形式。, 电击穿、热击穿和电化学击穿等
某110KV电气设备从平原地区移至高原地区，其工频耐压水平将怎样,下降。
在线路防雷设计时，110KV输电线路的保护角一般取多少度,20º
雷暴日,是指一年中有雷暴的天数。
电压直角波经过串联电容后，波形将发生变化，变成什么波。,指数     
自持放电和非自持放电,必须借助外力因素才能维持的放电称为非自持放电，不需其他任何加外电离因素而仅由电场的作用就能自行维持的放电称为自持放电。
介质损失角正切,电流与电压的夹角 是功率因数角，令功率因数角的余角为δ ， 显然是中的有功分量，其越大，说明介质损耗越大，因此δ角的大小可以反映介质损耗的大小。于是把δ角定义为介质损耗角。
吸收比和极化指数,加压60秒的绝缘电阻与加压15秒的绝缘电阻的比值为吸收比。加压10分钟的绝缘电阻与加压1分钟的绝缘电阻的比值为极化指数。
反击和绕击,雷击线路杆塔顶部时，由于塔顶电位与导线电位相差很大，可能引起绝缘子串的闪络，即发生反击。雷电绕过避雷线击于导线，直接在导线上引起过电压，称为绕击。
保护角,保护角是指避雷线与所保护的外侧导线之间的连线与经过避雷线的铅垂线之间的夹角。
简述汤逊理论和流注理论的异同点，并说明各自的适用范围。,汤逊理论和流注理论都是解释均匀电场的气体放电理论。前者适用于均匀电场、低气压、短间隙的条件下；后者适用于均匀电场、高气压、长间隙的条件下。不同点（1）放电外形  流注放电是具有通道形式的。根据汤逊理论，气体放电应在整个间隙中均匀连续地发展。（2）放电时间  根据流注理论，二次电子崩的起始电子由光电离形成，而光子的速度远比电子的大，二次电子崩又是在加强了的电场中，所以流注发展更迅速，击穿时间比由汤逊理论推算的小得多。（3）阴极材料的影响  根据流注理论，大气条件下气体放电的发展不是依靠正离子使阴极表面电离形成的二次电子维持的，而是靠空间光电离产生电子维持的，故阴极材料对气体击穿电压没有影响。根据汤逊理论，阴极材料的性质在击穿过程中应起一定作用。实验表明，低气压下阴极材料对击穿电压有一定影响。
 试解释沿面闪络电压明显低于纯空气间隙的击穿电压的原因。,当两电极间的电压逐渐升高时，放电总是发生在沿固体介质的表面上，此时的沿面闪络电压已比纯空气间隙的击穿电压低很多，其原因是原先的均匀电场发生了畸变。产生这种情况的原因有（1）固体介质表面不是绝对光滑，存在一定的粗糙程度，这使得表面电场分布发生畸变。（2）固体介质表面电阻不可能完全均匀，各处表面电阻不相同。（3）固体介质与空气有接触的情况。（4）固体介质与电极有接触的状况。
固体电介质的电击穿和热击穿有什么区别？,固体电介质的电击穿过程与气体放电中的汤逊理论及液体的电击穿理论相似，是以考虑在固体电介质中发生碰撞电离为基础的，不考虑由边缘效应、介质劣化等原因引起的击穿。电击穿的特点是电压作用时间短，击穿电压高，击穿电压与环境温度无关，与电场均匀程度有密切关系，与电压作用时间关系很小。电介质的热击穿是由介质内部的热不平衡过程所造成的。热击穿的特点是击穿电压随环境温度的升高按指数规律降低；击穿电压与散热条件有关，如介质厚度大，则散热困难，因此击穿电压并不随介质厚度成正比增加；当电压频率增大时，击穿电压将下降；击穿电压与电压作用时间有关。
在测试电气设备的介质损失角正切值时什么时候用正接线，什么时候用反接线；正接线和反接线各有什么特点？,使用西林电桥的正接线时，高压西林电桥的高压桥臂的阻抗比对应的低压臂阻抗大得多，所以电桥上施加的电压绝大部分都降落在高压桥臂上，只要把试品和标准电容器放在高压保护区，用屏蔽线从其低压端连接到低压桥臂上，则在低压桥臂上调节R3和C4就很安全，而且测量准确度较高。但这种方法要求被试品高低压端均对地 绝缘。使用反接线时，即将R3和C4接在高压端，由于R3和C4处于高电位。桥体位于高压侧，抗干扰能力和准确度都不如正接线。现场试验通常采用反接线试验方法。
局部放电是怎样产生的？在电力系统中常用什么方法进行测量，为什么？,杂质存在导致电场分布不均匀，电压U达到一定值时，会首先在气泡或杂质中产生放电，既局部放电。 局部放电的检测方法 ①直接用局部放电检测仪进行测量，用专用的无晕电源设备。 ②油色谱分析主要是检测绝缘油中乙炔气体的含量。
测试电容量较大的被试品的绝缘电阻时如何防止被试品反放电烧坏兆欧表？为什么要对被试品充分放电？,测试电容量较大的被试品的绝缘电阻时一定要在停止摇动兆欧表之前，先解开被试品的接线。电容量较大的被试品在测完接地电阻时，根据电容充放电的原理，往往会带上大量的电荷，所以必须对其充分放电。
测量电气设备的介损tgδ能发现什么缺陷？不能发现什么缺陷？在测试时要注意什么？,能发现的缺陷（1）绝缘体受潮，绝缘老化；（2）贯穿性缺陷；（3）分布式缺陷；（4）小型设备集中性缺陷 不能发现的缺陷 大型设备的局部性缺陷可能被掩盖，所以现场仍要做分解试验。在测试时要注意（1）必须有良好的接地；（2）反接线要注意引线的悬空处理；（3）被试品表面要擦拭干净；（4）能做分解试验的要尽量做分解试验。
输电线路遭受雷击发生跳闸需要满足的两个条件，并解释建弧率的概念。,输电线路遭受雷击发生跳闸需要满足两个条件。首先是直击线路的雷电流超过线路的耐雷水平，线路绝缘将发生冲击闪络。但是它的持续时间只有几十微秒，线路开关还来不及跳闸，因此必须满足第二个条件——冲击电弧转化为稳定的工频电弧，才能导致线路跳闸。冲击闪络转化为稳定的工频电弧的概率，称为建弧率。
ZnO避雷器的主要优点。,与普通阀型避雷器相比，ZnO避雷器具有优越的保护性能。（1） 无间隙。在正常工作电压下，ZnO电阻片相当于一绝缘体，工作电压不会使ZnO电阻片烧坏，因此可以不用串联火花间隙。（2） 无续流。当电网中出现过电压时，通过避雷器的电流增大，ZnO电阻片上的残压受其良好的非线性特性控制；当过电压作用结束后，ZnO电阻片又恢复绝缘体状态，续流仅为微安级，实际上可认为无续流。（3） 电气设备所受过电压能量可以降低。虽然在10kA雷电流下的残压值ZnO避雷器与SiC避雷器相同，但由于后者只在串联火花间隙放电后才有电流流过，而前者在整个过电压过程中都有电流流过，因此降低了作用在变电站电气设备上的过电压幅值。（4） 通流容量大。ZnO避雷器的通流能力，完全不受串联间隙被灼伤的制约，仅与阀片本身的通流能力有关。（5） 易于制成直流避雷器。因为直流续流不象工频续流一样存在自然零点，所以直流避雷器如用串联间隙就难以灭弧。ZnO避雷器没有串联间隙，所以易于制成直流避雷器。
某油罐直径为10m ，高10米，现采用单根避雷针进行保护，避雷针距离油罐壁为5m，请问避雷针的高度应是多少？,解根据题意可知hx=10m，rx=10+5=15 m，求h=?当hx≥h 时，有rx=（h- hx）p 15=(h-10)×1解得 h=25m 因为h=25m时不满足hx≥h，所以应按hx＜h算rx=(1.5h-2hx)p 15=(1.5h-2hx) ×1解得h=23.3m 所以避雷针的高度至少应是23.3m.。
气体分子或原子产生的三种状态,原态（中性） 激发态（激励态）从外界获得能量，电子发生轨道跃迁。电离态（游离态）当获得足够能量时，电子变带电电子，原来变正离子。
电离种类,A碰撞电离 B光电离C热电离D表面电离
带电离子的消失,A扩散，会引起浓度差。B复和（中和）正负电荷相遇中和，释放能量。C附着效应，部分电负性气体分子对负电荷有较强吸附能力，使之变为负离子。
汤逊理论的使用条件,使用条件均匀电子，低电压
巴申定律的物理意义,①p s（s一定）p增大，Uf 增大。②p s（s一定）p减小，Uf 减小。③p s不变p增大，密度增大，无效碰撞增加，提高了电量的强度，Uf 增大。P减小，密度减小，能碰撞的数量减小，能量提高，Uf 增大。P s不变，Uf 不变。
巴申定律的应用,通过增加或者减少气体的压力来提高气体的绝缘强度。如高压直流二极管（增加气体的压力）。减小气体的压力用真空断路器。
流柱理论的使用范围,a、放电时间极短b、放电的细分数通道c、与阴极的材料无关d、当ps增大的时候，Uf 值与实测值差别大。
流柱理论与汤逊理论的关系,a、流柱理论是对汤逊理论的一个补充b、发生碰撞电离c、有光电离，电场
极不均匀电场的2个放电特点,电晕放电，极性效应
电晕放电的特点,a、电晕放电是极不均匀电场所持有的一种自持放电形式，是极不均匀电场的特征之一。b、电晕放电会引起能量消耗。c、电晕放电的脉冲现象会产生高频电磁波，对无线电通讯造成干扰。d、电晕放电还使空气发生化学反应，生成臭氧、氮氧化物是强氧化剂和腐蚀剂，会对气体中的固体介质及金属电极造成损伤或腐蚀。
极性效应的特点,a、棒为正，极为负特点电晕放电起始电压高。间隙击穿电压低。b、棒为负，极为正特点电晕放电起始电压低，间隙击穿电压高。
冲击电压,持续时间极短，非周期性，幅值极高的电压。
冲击击穿电压气隙击穿的冲要条件,a、必须具有足够高的电压幅值b、必须有有效电子存在c、必须有电子放电通道的时间
伏秒特性,对于同一间隙，多次施加同一形状但幅值不同的冲击电压作用，其击穿电压幅值与击穿时间关系（曲线）称为伏秒特性。
U50%的概念,对于同一间隙，多次施加同一电压，其击穿的概率为U50% ，对应的电压幅值是U50% 。
提高气隙间隙击穿电压（绝缘强度）的措施,⑴改善电场分布a、改善电极的形状及电场分布b、采用极间障⑵消弱电离a、采用压缩气体b、采用真空c、采用电负性气体（SF6）
沿面放电的概念、污秽沿面放电的过程,概念悬挂在击穿导线（导体），支柱、套管、悬式绝缘子暴露在空气中与空气形成交接面。
污秽绝缘子沿面放电的过程,是脏污表面气体电离，电弧产生，发展，熄灭，重燃的过程。
极化的形式,1)电子式位移极化 2)离子式位移极化 3)偶极子极化 4)夹层极化
电导,电介质在电场作用下，少量带电粒子作定向运动，产生电流的现象。电导表征导电能力。电导决定电流（泄漏电流）电子的导数叫绝缘电阻。
介质损耗分为,电导损耗饿极化损耗。直流电导损耗 交流电导损耗和极化损耗 
tanδ介质损耗角正切的特性,①损耗与ω、с、U2 成正比。高频、高压、大容量，损耗p增大。②外加条件一定时，介质损耗与tanδ成正比。同一材料，同一时期tanδ不一样，tanδ反映不同时期的性能及缺陷。
影响tanδ的因素,a、f（频率）的影响 b、温度影响c、电压的影响
液体介质的击穿中的小桥理论,液体分子由电子碰撞而发生气泡，或者在电场作用下因其他原因发生气泡，由气泡内气体放电而引起液体介质的热击穿。
影响液体（油）介质击穿的因素,①杂质a、气体，水份，若充分溶解于油中，影响不大 b、若形成气泡，水清，影响较大。②温度影响a、干燥油，影响不大。b、受潮的油0~60℃  温度增大，有利于充分溶解 t>80℃以上，温度增大，水分汽化，气泡出现，影响大。③电场形式a、均匀电场b、不均匀电场④电压作用时间静态电压，时间长，容易形成桥，有影响。冲击电压，时间短，不易形成桥，无影响。
电击穿（依据电子崩理论）特点,a、击穿时间极短 b、击穿电压值高
热击穿（依据固有击穿理论）特点,a、击穿时间较长 b、击穿电压不高
电化学击穿特点,a、击穿时间长b、击穿电压相对较低
性能试验（非破坏性试验）,在较低电压作用下，测量设备一些电气性能参数，对设备无损伤，判定缺陷。
耐压试验（破坏性试验）,对设备电压耐受能力考验，所加的电压为设备可能承受的各种电压。交流耐压试验是考核电气设备绝缘裕度的主要方法，能有效地发现较危险的集中性缺陷，这是非破坏性试验不能相比。直流耐压试验直流试验耐压电压值的选择是参考交流耐压试验电压和交直流下击穿场强之间，并主要根据运行经验来确定。直流耐压试验的接线图与直流泄露电流相同，只是所加电压更高，可确定电气设备的绝缘水平。冲击高压试验冲击高压是由冲击电压发生器产生的。
避雷针、线的作用为使设备建筑物线路免遭直击雷，安全将雷电流引入大地而设置。
避雷线的作用,主要用于保护线路，也可用于保护发、变电所。
避雷器的作用，分类，特点,作用防入侵雷电波（过电压波），它与被保护设备并联，入侵波来时，避雷器优先动作。分类间隙类避雷器又分为保护间隙（火花间隙）和管型避雷器。
阀型类避雷器又分为,阀型避雷器和金属氧化物避雷器（氧化锌避雷器）。
保护间隙特点,优点结构简单，价格便宜。缺点不能灭弧，断路器跳闸，容易造成停电事故。存在截波，对绕组类设备极不利（有可能造成绕组绝缘击穿，致命缺点）。只适用于线路保护。
管型避雷器特点,优点能灭弧缺点存在截波 只能用于线路保护。
阀型避雷器特点,a、非线性绕组b、电流小，电阻大c、电流大，电路小
金属氧化物避雷器（氧化锌避雷器）的特点,a、无间隙b、无续流（≤1mA）工频续流（≥100A）c、使设备过电压降低，通流能力大d、多雷区e、直流防雷保护及SF6设备保护
防雷的指标,耐雷水平和雷击跳闸率。
耐雷水平,雷击线路时线路绝缘不发生冲击闪络的最大雷电流幅值称为耐雷水平。
雷击跳闸率,每100km线路每年由雷击引起的跳闸次数称为雷击跳闸率。
感应过电压,雷击线路附近地面，由于电磁感应所引起的称为感应雷过电压。
现代防雷的措施,①架设避雷线②降低杆塔接地电阻③架设加强耦合地线④中性点非有效接地⑤加强线路绝缘⑥加强自动重合闸装置⑦加装线路用管型避雷器
对入侵雷的防护措施,a、加装避雷器b、串电感，并电容c、降低陡度
阀型避雷器对入侵雷的防护,阀型避雷器主要是限制过电压波的幅值。
进线段保护作用,降低入侵波的幅度及陡度，限制流经避雷器的电流幅值。
外部过电压分为,直击雷过电压和感应雷过电压
内部过电压分为,稳态过电压和操作过电压
稳态过电压分为,工频电压升高和谐振过电压
工频电压升高分为,空载线路的电容效应、不对称短路引起的工频电压升高和发电机甩负荷。
谐振过电压分为,线性谐振过电压、参数谐振过电压和铁磁谐振过电压。
操作过电压分为,切除空载线路过电压、空载线路合闸过电压、切除空载变压器过电压和断续电弧接地过电压。
空载线路容升现象引起的过电压防护办法,并联电抗器
接地故障引起的工频电压升高防护办法,中性点加装避雷器
发电机甩负荷防护办法,并电抗器，加电压速断保护。
谐振过电压防护办法,a、改善电磁式电压互感器的激磁特性，或改用电容式电压互感器。b、在电压互感器开口三角形绕组中接入阻尼电阻，或在电压互感器一次绕组的中性点对地接入电阻。c、在有些情况下，可在10kv及以下的母线上装设一组三相对地电容器，或用电缆段代替架空线段，以增大对地电容，从参数搭配上避开谐振。d、在特殊情况下，可将系统中性点临时经电阻接地或直接接地，或投入消弧线圈，也可以按事先规定投入某些线路或设备以改变电路参数，消除谐振过电压。
切除空载线路产生过电压防护办法,改善断路器的结构，绝缘强度提高，灭弧能力提高。端口并R。
合闸空载线路防护办法,增加R
切空载变压器防护办法,加装阀型避雷器
电弧接地过电压防护办法,加装消弧线圈，用以消弱电容电流，起到消弧作用。
电介质的极化,1.）电子位移极化 电介质中的带点质点在电场作用下沿电场方向做有限位移，无能量损耗2.）离子位移极化 有极微量的能量损耗3.）转向极化 4.）空间电荷极化
电介质的介电常数代表,电介质极化程度，其中气体D=1 水D=81 蓖麻油 D=4.2
电介质的电导与金属电导的区别,1.）形成电导电流的带电粒子不同（金属导体自由电子，电介质离子）2.）带电粒子数量上的区别
影响液体介质电导的因素,温度，电场强度。
介质损耗角,绝缘在交变电压作用下比损耗大小的特征参数
四种形式电离的产生,撞击电离 光电离 热电离 表面电离
气体中带电质点的消失,1.）带电质点收电场力的作用流入电极并中和电量2.）带电质点的扩散3.）带电质点的复合
自持放电,当场强超过临界场强值时，这种电子崩已可仅由电场的作用而自行维持和发展，不必再有赖于电离因素，这种性质的放电称为自持放电。
流柱放电流程,有效电子（经碰撞游离）——电子崩（畸变电场）——发射光子（在强电场作用下）——产生新的电子崩（二次崩）——形成混质通道（流柱）——由阳极向阴极（阳极流柱）或由阴极向阳极（阴极流柱）击穿
电晕放电,电晕放电是极不均匀电场所特有的一种自持放电形式，他与其他形式的放电有本质的区别，电晕放电的电流强度并不取决于电源电路中的阻抗，而取决于电极外气体空间的电导，即取决于外施电压的大小，电极形状，极间距离，气体的性质和密度等。
不均匀电场气隙的击穿,短气隙击穿（极性效应）长气隙的击穿（先导放电）
先导过程,当气隙距离较长时，（约1m以上），存在某种新的，不同性质的放电过程，称为先导过程
雷电放（长气隙放电）电包括哪些现象,雷云对大地，雷云对雷云和雷云内部放电现象
下行的负极性雷通常可以分为三个主要阶段,先导放电，主放电和余光放电
升压时间t0,电压从0升到静态击穿电压U0所需时间
统计时延ts,从电压达到U0的瞬时起到气隙中形成第一个有效电子为止的时间
放电发展时间tf,从形成第一个有效电子的瞬时起到气隙完全被击穿为止的时间
影响平均统计延时的因素,1.）电极材料2.）外施电压3.）短波光照射4.）电场情况
影响放电发展时间的因素,1.）间隙长度2.）电场均匀度3.）外施电压
提高气隙击穿电压的方法,1.）改善电场分布2.）采用高度真空3.）增高气压4.）产用高耐电强度气体5.）SF6气体的应用
电击穿,由于电场的作用使介质中的某些带电质点积聚的数量和运动的速度达到一定程度，使介质失去了绝缘性能，形成导电通道，这样的击穿称为电击穿。
热击穿,在电场的作用下，介质内的损耗发出的热量多于散逸的热量，使介质温度不断上升，最终照成介质本身的破坏，形成导电通道，这样的击穿称为热击穿。
影响固体电介质击穿电压的因素,1.）电压作用时间的影响2.）温度的影响3.）电场均匀度和介质厚度的影响4.）电压频率的影响5.）受潮度的影响6.）机械力的影响7.）多层行的影响8.）累积效应的影响
固体介质的老化中最主要的是,电老化，热老化和综合性的环境老化
影响液体电介质击穿电压的因素,1.)液体介质本身品质的影响2.）电压作用时间的影响3.）电场情况的一影响4.）温度的影响5.）压强的影响
油本身的某些品质因素对耐电压强度的影响.1.）化学成分2.）含水量3.）含纤维量4.）含炭量5.）含气量
提高液体电介质击穿电压的方法,1.）提高并保持油的品质2.）覆盖3.）绝缘层4.）极间障
提高并保持油的品质的方法,1.）压力过滤法2.）真空喷雾法3.）吸附剂法
电气设备绝缘试验包含,1.）耐压试验（破坏性试验）模范设备绝缘在运行中可能受到的各种电压，对绝缘施加与之相等的或更为严峻的电压，从而考验绝缘耐受这i类电压的能力。2.）检查性试验（非破坏性试验）测定绝缘某些方面的特性，并据此间接地判断绝缘状况
绝缘电阻是反映绝缘性能的最基本的指标之一，通常都用什么来测量绝缘电阻,兆欧表
测量绝缘电阻能有效的发现下例缺陷,1.)总体绝缘质量欠佳2.）绝缘受潮3.）两极间有贯穿性的导电通道4.）绝缘表面情况不良
测量绝缘电阻不能发现下例缺陷,1.）绝缘中的局部缺陷（入非贯穿性的局部损伤，含有气泡等）2.）绝缘的老化（因为老化了的绝缘其绝缘电阻 还可能是相当高的）
测定泄露电流于兆欧表相比具有以下特点,1.）所加直流电压较高，能揭示兆欧表不能发现的某些绝缘缺陷2.) 所加直流电压是逐渐升高的，则在升压过程中，从所测电流与电压关系的线性度，即可指示绝缘情况3.）兆欧表刻度的非线性度很强，尤其在接近高量程段，刻度甚密，难以精确分辨，微安表的刻度则是基本上是线性的，能精确读取。
局部放电的测试分为,直接法和平衡法
较准确的测压法是直接测被试品两端的高压，主要有,1.）测量球隙2.）静电电压表（s.v）3.）分压器配用低压仪表4.）高压电容器配用整流装置
直流高压的测量,1.）棒隙或球隙2.）电阻分压器配合低压仪表3.）用高值电阻与直流电流表串联4.）静电电压表
无限长直角波通过电感后改变为什么，串联电感起了什么作用。,无限长直角波通过电感后改变为一指数波头的行波，串联电感起了来波上升速率的作用。
为了降低入侵波的陡度可以使用什么措施。,串联电感或并联电容的措施
对于波阻抗很大的设备（如发电机）要想用串联电感来降低入侵波陡度一般是有困难的，通常用什么方法。,并联电容
流经被击物体的电流iz与被击物体的阻抗zj有什么关系,zj越大则iz越小，反之则iz越大，当zj=0时，流经被击物体的电流呗定义为雷电流，用iL表示。
雷电通道波阻抗z0是多少,300欧姆
描述脉冲波形的主要参数有,峰值，波前时间和半峰值时间。
避雷器的作用是,限制过电压以保护电气设备
避雷线的作用是,保护输电线路
避雷针的作用是,保护集中场所的设备
阀型避雷器的基本元件为,间隙和非线性电阻，
阀片的电阻值与流过的电流有关，是什么特性,具有非线性特征，电流越大电阻越小。
避雷器的选用选用避雷器时，应该怎样？,避雷器的额定电压与安装该避雷器的电力系统的电压等级相同，并且应是避雷器的灭弧电压大于其安装处母线上可能出现的最高工频电压。
避雷器的保护性能一般以保护比（残压/灭弧电压）来说明，保护比越小，说明什么？,说明残压越低或灭弧电压越高，则避雷器的保护性能越好。
接地可以分为哪些,工作接地、保护接地和防雷接地。
输电线路上出现的大气过电压有哪两种,一种是雷直击于线路引起的，称为直击雷过电压；一种是雷击线路附近地面，由于电磁感应所引起的，称为感应雷过电压。
雷击线路时线路绝缘不发生闪络的最大雷电电流幅值称为,“耐雷水平”，以kV为单位。
每100km线路每年由雷击引起的跳闸次数称为,“雷击跳闸率。”
输电线路的感应雷过电压分为哪几种,雷击线路附近大地时，线路上的感应雷过电压和雷击线路杆塔时，导线上的感应过电压。
雷直击于有避雷线线路的情况可以分为哪三种,即雷击杆塔塔顶、雷击避雷线档距中间和雷绕过避雷线击于导线——称为“绕击”。
雷击杆塔塔顶次数与雷击线路总次数的比值称为,击杆率g。
输电线路的防雷措施有,架设避雷线，降低杆塔接地电阻，架设耦合地线，采用不平衡绝缘方式，装设自动重合闸，采用消弧线圈接地方式，装设管型避雷器，加强绝缘。
发电厂和变电所的主要防雷措施,在发电厂、变电所内装设阀型避雷器以限制入侵雷电波的幅值，使设备上的过电压不超过其冲击耐压幅值；在发电厂、变电所的进线上设置进线保护段，以限制流经避雷器的雷电流和限制入侵雷电波的陡度；对直接与架空线相连的旋转电机（称直配电机）在电机母线上装设电容器，限制入侵雷电波陡度以保护电机匝间和中性点绝缘。
发电厂厂房一般不装设避雷针的原因,以免发生反击事故和引起继电保护的误动作。
所谓选频（滤波），就是要做到什么, 选出需要的频率分量和滤除不需要的频率分量。
电抗 (X)计算公式。,电抗=容抗（1/C)+ 感抗 (wL) 阻抗 = 电阻 (R)+j 电抗(L/C)
谐振时的电流越大，比值越大， 曲线越尖说明什么,选频作用越明显， 选择性越好
品质因数越高，选择性和通频带怎样,选择性越好，通频带越窄
就能量关系而言，所谓“谐振” ，是指,回路中储存的能量是不变的，只是在电感与电容之间相互转换；外加电动势只提供回路电阻所消耗的能量，以维持回路的等幅振荡，而且谐振回路中电流最大 。
并联电阻对品质因数和其他的影响,品质因数减小，通频带加宽，选择性变坏
高频放大器与低频放大器主要区别,工作频率围、频带宽度，负载不同；低频工作频率低，频带宽，采用无调谐负载；高频工作频率高，频带窄，采用选频网络
特低频的频率范围，波段名称，波长范围，符号，主要用途，传播媒介,0.3 ～3kHz 特长波 1～0.1Mm ULF 音频 架空明线（长波）
低频的频率范围，波段名称，波长范围，符号，主要用途，传播媒介,30～300kHz 长波 10～1km LF 船舶通信、信标、导航 对称电缆、架空明线、地球表层（长波）
中频的频率范围，波段名称，波长范围，符号，主要用途，传播媒介,0.3 ～3MHz 中波 1000～100m MF 广播、船舶通信、飞行通信  同轴电缆、地球表层（中波）
高频的频率范围，波段名称，波长范围，符号，主要用途，传播媒介,3～30MHz 短波 100～10m HF短波广播、军事通信 同轴电缆、电离表层（短波）
甚高频的频率范围，波段名称，波长范围，符号，主要用途，传播媒介,30～300MHz 米波 10～1m VHF电视、调频广播、雷达、导航 同轴电缆、空间直线传播（超短波）
特高频的频率范围，波段名称，波长范围，符号，主要用途，传播媒介,0.3 ～3GHz 分米波100～10cm UHF电视、雷达、移动通信 波导、空间直线传播（分米波）
超高频的频率范围，波段名称，波长范围，符号，主要用途，传播媒介,3～30GHz 厘米波 10～1cm SHF雷达、中继、卫星通信 波导、空间直线传播（厘米波）
极高频的频率范围，波段名称，波长范围，符号，主要用途，传播媒介,30～300GHz 毫米波 10～1mm EHF射电天文、卫星通信、雷达 波导、空间直线传播（毫米波）
高频电压放大器的作用是什么,放大+选频
石英晶体滤波原理,逆压电效应
压电效应,当晶片两面加机械力时，晶片两面将产生电荷，电荷的多少与机械力所引起的变形成正比，电荷的正负将取决于所加机械力是张力还是压力。
逆压电效应,当在晶片两面加不同极性的电压时，晶片会产生机械形变，其形变大小正比于所加的电形变是压缩还是伸张，则决定于所加电压的极性。
声表面波滤波器原理,电声效应
双参差调谐放大器指什么,两个放大器分别调谐在f1、f2 上
调幅的几种调制方式是,AM、DSB、SSB。
集电极调幅，应使被调放大器工作于什么状态。,过压
电容三点式振荡器的发射极至集电极之间的阻抗Zce性质应为?，发射极至基极之间的阻抗Zbe性质应为?，基极至集电极之间的阻抗Zcb性质应为？。,电容三点式振荡器的发射极至集电极之间的阻抗Zce性质应为容性，发射极至基极之间的阻抗Zbe性质应为容性，基极至集电极之间的阻抗Zcb性质应为感性。
通常将携带有信息的电信号称为什么，未调制的高频振荡信号称为什么，通过调制后的高频振荡信号称为什么。,将携带有信息的电信号称为调制信号，未调制的高频振荡信号称为载波，通过调制后的高频振荡信号称为已调波。
解调是调制的逆过程。振幅调制信号的解调电路称为振幅检波电路，它的作用是什么。,从高频已调信号中恢复出调制信号。
某高频功率放大器原来工作在临界状态，测得=22v，=100mA，=100Ω，=24v，当放大器的负载阻抗变小时，则放大器的工作状态过渡到什么状态，回路两端电压将怎样，若负载阻抗增加时，则工作状态由临界过渡到什么状态，回路两端电压将怎样。,当放大器的负载阻抗变小时，则放大器的工作状态过渡到欠压状态，回路两端电压将减小，若负载阻抗增加时，则工作状态由临界过渡到过压状态，回路两端电压将增大。
常用的混频电路有,二极管混频、三极管混频和模拟乘法器混频等。
调相时，最大相位偏移与调制信号幅度成什么比。,正比
模拟乘法器的应用很广泛，主要可用来,实现调幅、解调和混频等频谱搬移电路中。
调频和调幅相比，调频的主要优点是,抗干扰性强、频带宽和调频发射机的功率放大器的利用率高。
混频器按所用非线性器件的不同，可分为,二极管混频器、三极管混频器和模拟乘法器混频器等。
超外差接收机中，中频频率为465KHZ，当接收信号载频为535KHz时，本振频率为多少,1000KHz。
直接调频的优点是什么，间接调频的优点是什么。,直接调频的优点是频偏大，间接调频的优点是频率稳定度高。
锁相环路由什么组成，它的主要作用是什么。,锁相环路由鉴相器 、环路滤波器和电压控制振荡器组成，它的主要作用是用于实现两个电信号相位同步，即可实现无频率误差的频率跟踪。
矩形系数Kr0.1定义为,单位谐振曲线N(f)值下降到0.1时的频带范围与通频带之比。
放大器工作在欠压状态，随着负载谐振电阻的增大而向临界状态过渡时，放大器的交流输出电压将怎样,增大
通信系统由哪些部分组成？各组成部分的作用是什么？,通信系统由输入、输出变换器，发送、接收设备以及信道组成。输入变换器将要传递的声音或图像消息变换为电信号（基带信号）；发送设备将基带信号经过调制等处理，并使其具有足够的发射功率，再送入信道实现信号的有效传输；信道是信号传输的通道；接收设备用来恢复原始基带信号；输出变换器将经过处理的基带信号重新恢复为原始的声音或图像。
小信号谐振放大器与谐振功率放大器的主要区别是什么？,1）小信号谐振放大器的作用是选频和放大，它必须工作在甲类工作状态；而谐振功率放大器为了提高效率，一般工作在丙类状态。2）两种放大器的分析方法不同，前者输入信号小采用线性高频等效电路分析法，而后者输入信号大采用折线分析法。
引起高频小信号放大器工作不稳定的原因是什么？用什么办法克服？,晶体管存在反向传输导纳Yre≠0，使输出电压可以反馈到输入端，引起输入电流的变化，从而可能引起放大器工作不稳定。如果这个反馈足够大， 且在相位上满足正反馈条件，则会出现自激振荡。为了提高放大器的稳定性，通常从两个方面着手。一是从晶体管本身想办法，减小其反向传输导纳Yre值。 二是从电路上设法消除晶体管的反向作用，使它单向化。 具体方法有中和法与失配法。
当谐振功率放大器的输入激励信号为余弦波时，为什么集电极电流为余弦脉冲波形？ 但放大器为什么又能输出不失真的余弦波电压？,因为谐振功率放大器工作在丙类状态（导通时间小于半个周期），所以集电极电流为周期性余弦脉冲波形；但其负载为调谐回路谐振在基波频率，可选出ic的基波，故在负载两端得到的电压仍与信号同频的完整正弦波。
高频已调波信号和本机振荡信号经过混频后，信号中包含哪些成分？如何取出需要的成分？,高频已调波信号和本机振荡信号经过混频后，信号中包含直流分量、基波分量、谐波、和频、差频分量，通过LC并联谐振回路这一带通滤波器取出差频分量，完成混频。
二极管大信号峰值包络检波器的非线性失真有哪些？避免失真的原因及条件是什么？,惰性失真和底部切削失真。避免惰性失真指在任何一个高频周期内，使电容C通过R放电的速度大于或等于包络的下降速度。避免底部切削失真指检波器交流负载与直流负载之比应大于调幅波的调制度m
无线电通信中，信号是以电磁波形式发射出去的。它的调制方式有,调幅、调频、调相。
针对不同的调制方式有三种解调方式，分别是,检波、鉴频和鉴相。
在单调谐放大器中，矩形系数越接近于 1、其选择性越好；在单调谐的多级放大器中，级数越多，通频带越怎样，其矩形系数越怎样。,通频带越窄，其矩形系数越小。
在无线电技术中，一个信号的表示方法有三种，分别是,数学表达式、波形、频谱。
调频电路有哪两种方式。,直接调频、间接调频
检波有哪两种形式。,同步、和非同步检波
反馈式正弦波振荡器按照选频网络的不同，可分为, LC、RC、石英晶振等三种。
变频器可由哪两部分组成。,混频器、和带通滤波器
列出三个常见的频谱,搬移电路调幅、检波、变频。
什么叫调制？在无线通信系统中为什么要进行调制？,把要传送的信号“装载”到高频振荡信号的过程，称为调制。因为（1）无法制造合适尺寸的天线；  （2）接收者无法选择所要接收的信号。
在同步检波器中，为什么参考电压与输入载波同频同相？二者不同频将对检波有什么影响？二者不同相又会对检波产生什么影响？,为了保证同步检波器不失真地解调出幅度尽可能大的信号。若不同频，则检波时输出电压会失真。若不同相，则检波时输出电压不会失真，但幅度会减小。
接收机分为哪两种。,直接放大式、和超外差式
扩展放大器通频带的方法有哪三种。,组合电路法、负反馈法和集成电路法
在集成中频放大器中，常用的集中滤波器主要有,LC 带通滤波器、陶瓷、石英晶体、声表面波滤波器等四种。
丙类谐振功放有欠压、临界和过压三种工作状态，其性能可用什么来描述。,负载特性、调制特性和放大特性
普通调幅波的数学表达式 UAMt=Ucm （1+Ma cosΩt）cosωct，为了实现不失真调幅，Ma 一般怎样。,Ma 一般 ≤1
实现 AGC 的方法主要有,改变发射级电流 IE 和改变放大器的负载两种。
根据频谱变换的不同特点，频率变换电路分为,频谱搬移电路和频谱的非线性变换电路。
要产生较高频率信号，要产生较低频率信号，要产生频率稳定度高的信号应分别采用什么振荡器。,要产生较高频率信号应采用LC 振荡器，要产生较低频率信号应采用 RC 振荡器，要产生频率稳定度高的信号应采用石英晶体振荡器。
丙类功放最佳工作状态是什么状态，最不安全工作状态是什么状态,。最佳工作状态是临界状态，最不安全工作状态是强欠压状态。
反馈式正弦波振荡器由什么组成,放大部分、选频网络、反馈网络三部分组成。
调频电路有,直接、间接调频两种方式
简述 AGC 电路的作用。,AGC 的作用是当输入信号变化很大时，保持接收机的输出信号基本稳定。即当输入信号很弱时，接收机的增益高；当输入信号很强时，接收机的增益低。 
三点式振荡器的原则是什么？,“射同基反”的原则。即 Xce 与 Xbe 的电抗性质相同， Xcb 与 Xbe（或 Xce）的电抗性质相反。 
大信号包络检波器中，若把二极管极性反接，是否起到检波作用？若能，则输出波形与原电路有什么不同？,可以检波。输出波形与原调制信号极性相反。
石英晶体振荡器是利用石英晶体的压电和反压电效应工作的，其频率稳定度很高，通常可分为,串联型晶体振荡器和并联型晶体振荡器两种。
为了有效地实现基极调幅，调制器必须工作在什么状态,欠压
为了有效地实现集电极调幅，调制器必须工作在什么状态。,过压
大信号包络检波器是利用什么工作的。,二极管的单向导电性和RC网络的充放电特性
调频有两种方法，分别称为, 直接调频和间接调频 。
谐振功率放大器通常工作在 丙 类，此类功率放大器的工作原理是,当输入信号为余弦波时，其集电极电流为周期性余弦脉冲波，由于集电极负载的选频作用， 输出的是与输入信号频率相同的余弦波。
通信系统由哪些部分组成？各组成部分的作用是什么？,通信系统由输入、输出变换器，发送、接收设备以及信道组成。输入变换器将要传递的声音或图像消息变换为电信号（基带信号）；发送设备将基带信号经过调制等处理， 并使其具有足够的发射功率，再送入信道实现信号的有效传输；信道是信号传输的通道；接收设备用来恢复原始基带信号；输出变换器将经过处理的基带信号重新恢复为原始的声音或图像。
当谐振功率放大器的输入激励信号为余弦波时，为什么集电极电流为余弦脉冲波形？但放大器为什么又能输出不失真的余弦波电压？,因为谐振功率放大器工作在丙类状态（导通时间小于半个周期） ，所以集电极电流为周期性余弦脉冲波形；但其负载为调谐回路谐振在基波频率，可选出 ic 的基波，故在负载两端得到的电压仍与信号同频的完整正弦波。
放大电路直流通路和交流通路画法的要点是,画直流通路时，把电容视为开路；画交流通路时，把电感视为短路。
晶体管正弦波振荡器产生自激振荡的相位条件是什么，振幅条件是什么。,相位条件是 uf 和 ui 同相 ，振幅条件是Uf ＝Ui 。
调幅的作用是,用调制信号去控制载波信号 ，使载波的振幅随调制信号的大小变化而变化。
小信号谐振放大器的主要特点和功能。,主要特点是以调谐回路作为放大器的交流负载，具有放大和选频功能。
谐振功率放大器的调制特性是指,保持 Ubm 及 Rp 不变的情况下，放大器的性能随 UBB 变化，或随 UCC 变化的特性。
无线电通信为什么要进行调制？常用的模拟调制方式有哪些？,1） 信号不调制进行发射天线太长，无法架设。2） 信号不调制进行传播会相互干扰，无法接收。常用的模拟调制方式有调幅、调频及调相
锁相环路与自动频率控制电路实现稳频功能时，哪种性能优越？为什么？,锁相环路稳频效果优越。这是由于一般的 AFC 技术存在着固有频率误差问题（因为 AFC 是利用误差来减小误差），往往达不到所要求的频率精度，而采用锁相技术进行稳频时，可实现零偏差跟踪。
根据干扰产生的原因，混频器的干扰主要有,组合频率干扰、副波道干扰、交调干扰和互调干扰四种。
锁相环路由什么组成，它的主要作用是什么,锁相环路由鉴相器、环路滤波器和压控振荡器组成，它的主要作用是用于实现两个电信号相位同步，即可实现无频率误差的频率跟踪。
小信号谐振放大器与谐振功率放大器的主要区别是什么？,1）小信号谐振放大器的作用是选频和放大，它必须工作在甲类工作状态；而谐振功率放大器为了提高效率，一般工作在丙类状态。2）两种放大器的分析方法不同： 前者输入信号小采用线性高频等效电路分析法， 而后者输入信号大采用折线分析法。
高频已调波信号和本机振荡信号经过混频后，信号中包含哪些成分？如何取出需要的成分？,高频已调波信号和本机振荡信号经过混频后，信号中包含直流分量、基波分量、谐波、和频、差频分量，通过 LC 并联谐振回路这一带通滤波器取出差频分量，完成混频。
通常将携带有信息的电信号，未调制的高频振荡信号，通过调制后的高频振荡信号称为什么。,通常将携带有信息的电信号称为调制信号，未调制的高频振荡信号称为载波，通过调制后的高频振荡信号称为已调波。
丙类谐振功率放大器根据集电极电流波形的不同，可分为三种工作状态，分别为,欠压状态、 临界状态、 过压状态。
欲使功率放大器高效率地输出最大功率，应使放大器工作在什么状态。,临界
解调是调制的逆过程。振幅调制信号的解调电路称为振幅检波电路 ，它的作用是,从调幅信号中不失真地捡出调制信号。
常用的混频电路有, 二极管混频、 三极管混频和场效应管混频等。
调频和调幅相比，调频的主要优点是,抗干扰性强 、信号传输保真度高和调频发射机的功率放大管的利用率高
石英晶片之所以能做成谐振器是因为它具有什么特性？,石英晶片之所以能做成谐振器是因为它具有压电和反压电特性
常用的石英晶体振荡电路有几种？,石英晶片之所以能做成谐振器是因为它具有压电和反压电特性
混频器的工作原理,两个不同频率的高频电压作用于非线性器件时， 经非线性变换， 电流中包含直流分量、基波、谐波、和频、差频分量等。其中差频分量 fLo-fs 就是混频所需要的中频成分，通过中频带通滤波器把其它不需要的频率分量滤掉，取出差频分量完成混频。
无线通信中，信号的调制方式有哪三种，相应的解调方式分别是什么。,无线通信中，信号的调制方式有调幅、调频、调相三种，相应的解调方式分别为检波、鉴频、鉴相。
集成中频放大器中，常用的集中滤波器有,LC 带通滤波器、 陶瓷滤波器、晶体滤波器、声表面波滤波器等四种。
根据选频网络的不同，反馈试正弦波振荡器可分为,LC 振荡器、RC 振荡器、石英晶体振荡器 。
AFC 电路的作用是,自动调整振荡器的频率，使振荡器的频率稳定在某一预期的标准频率附近。
正弦波振荡器由哪四部分组成,基本放大器、选频网络、反馈网络、稳幅环节四部分组成。
振幅调制与解调、混频、频率调制与解调等电路是通信系统的基本组成电路。它们的共同特点是,将输入信号进行频率变换，以获得具有所需新频率分量的输出信号。
通信系统由哪些部分组成？各组成部分的作用是什么？,通信系统由输入、输出变换器，发送、接收设备以及信道组成。输入变换器将要传递的声音或图像消息变换为电信号（基带信号） ；发送设备将基带信号经过调制等处理， 并使其具有足够的发射功率，再送入信道实现信号的有效传输；信道是信号传输的通道；接收设备用来恢复原始基带信号；输出变换器将经过处理的基带信号重新恢复为原始的声音或图像。当谐振功率放大器的输入激励信号为余弦波时，为什么集电极电流为余弦脉冲波形？但放大器为什么又能输出不失真的余弦波电压？因为谐振功率放大器工作在丙类状态（导通时间小于半个周期），所以集电极电流为周期性余弦脉冲波形；但其负载为调谐回路谐振在基波频率，可选出 ic 的基波，故在负载两端得到的电压仍与信号同频的完整正弦波。
模拟乘法器的应用很广泛，主要可用来,实现调幅 、同步检波和混频等频谱搬移电路中。
混频器按所用非线性器件的不同，可分为,二极管混频器 、 三极管混频器和场效应管混频器等。
直接调频和间接调频的优点是,直接调频的优点是频偏大 ，间接调频的优点是中心频率稳定度高。
AGC电路的作用是利用反馈控制电压控制放大器的增益 ,使输出信号基本不变 。
为什么发射台要将信息调制到高频载波上再发送？,1） 信号不调制进行发射天线太长，无法架设。2） 信号不调制进行传播会相互干扰，无法接收。
反馈控制电路有哪些类型，各自的功能是什么？,(1)自动增益控制 AGC ，主要用于接收机中，以维持整机输出恒定，几乎不随外来信号的强弱而变化。(2)自动频率控制 AFC ，又称自动频率微调，主要用于电子设备中稳定振荡器振荡频率。它利用反馈控制量自动调节振荡器的振荡频率，使振荡器稳定在某一预期的标准频率附近。(3)锁相环路 PLL ，它用于锁定相位，实现无频差反馈控制。
小信号调谐放大器按调谐回路的个数分为,单调谐回路放大器和双调谐回路放大器。
高频功率放大器主要用来放大高频信号，为了提高效率，一般工作在什么状态。,丙类工作状态
振幅调制与解调、混频、频率调制与解调等电路是通信系统的基本组成电路。它们的共同特点是,将输入信号进行频率变换，以获得具有所需新频率分量 的输出信号，因此，这些电路都属于频谱搬移电路。
调频波的基本特征是,调频波的频偏与调制信号的幅度成正比，而与调制信号的频率无关
根据干扰产生的原因，混频器的干扰主要有,组合频率干扰、副波道干扰、交调干扰和互调干扰四种。
高频已调波信号和本机振荡信号经过混频后，信号中包含哪些成分？如何取出需要的成分？,高频已调波信号和本机振荡信号经过混频后，信号中包含直流分量、基波分量、谐波、和频、差频分量，通过 LC 并联谐振回路这一带通滤波器取出差频分量，完成混频。
某谐振功率放大器，已知Vcc=24v，输出功率 P0=5w，晶体管集电极电流中的直流分量Ic0=250mA，输出电压Vcm=22.5v，试求直流电源输入功率P=，集电极效率ŋc，谐振回路谐振电阻Rp，基波电流 Ic1m。,\begin{array}{l}P==V c d c o=24 * 250^{*} 10^{3}=6 \mathrm{~W} \\\mathrm{P}_{0}=1 / 2 \mathrm{~V}_{\mathrm{CNC}} 1 \mathrm{M} \rightarrow \mathrm{IC}_{1 \mathrm{~N}}=2 \mathrm{P}_{0} \mathrm{~N}_{\mathrm{CN}}=10 / 22.5 \approx 0.44 \mathrm{~A} \\\eta_{C}=P_{0} / P_{=}=5 / 6 \approx 83.3 \% \\\mathrm{Rp}=\mathrm{V}_{\mathrm{cм}} / \mathrm{I}_{\mathrm{c} 1 \mathrm{~N}}=22 \cdot 5 / 0.44=51.1 \Omega \\\end{array}
通信系统中为什么要采用调制技术?,调制就是用待传输的基带信号去改变高频载波信号某一参数的过程。采用调制技术可使低频基带信号装载到高频载波信号上，从而缩短天线尺寸，易于天线辐射，实现远采距离传输；其次，采用调制可以进行频分多路通信，实现信道的复用，提高信道利用率。
某一单一频率调幅波，载波功率为100W。试求当 ma=1 与 ma=0.3 时每一边频的功率。,\begin{array}{l}P==V c d c o=24 * 250^{*} 10^{3}=6 \mathrm{~W} \\\mathrm{P}_{0}=1 / 2 \mathrm{~V}_{\mathrm{CNC}} 1 \mathrm{M} \rightarrow \mathrm{IC}_{1 \mathrm{~N}}=2 \mathrm{P}_{0} \mathrm{~N}_{\mathrm{CN}}=10 / 22.5 \approx 0.44 \mathrm{~A} \\\eta_{C}=P_{0} / P_{=}=5 / 6 \approx 83.3 \% \\\mathrm{Rp}=\mathrm{V}_{\mathrm{cм}} / \mathrm{I}_{\mathrm{c} 1 \mathrm{~N}}=22 \cdot 5 / 0.44=51.1 \Omega \\\end{array}\because \mathrm{P}_{\text {上 }}=\mathrm{P}_{\text {下 }}=(1 / 4)^{*} \mathrm{ma}^{2 *} \mathrm{Po} \therefore  当  m a=1  时， P_{\text {上 }}=P_{\text {下 }}=(1 / 4)^{*} 1^{2 *} 100=25 \mathrm{~W} 当  m a=0.3  时，  P_{\text {上 }}=P_{\text {下 }}=(1 / 4)^{*} 0.3^{2 *} 100=2.25 \mathrm{~W} 
现代通信系统中一般不采用将信号直接传输的工作方式，而是要,对信号进行调制后再送入信道传输。
小信号谐振放大器应当设法减小什么,负载和信号源内阻对谐振回路的影响。
小信号谐振放大器中的变压器采用抽头接入，是为了,减少负载和信号源内阻对谐振回路的影响。
解决小信号谐振放大器稳定性问题的有效方法是。,采用共射-共基电路
声表面波滤波器的优点,体积小、工作稳定、无需调试等。
常用的固体（态）滤波器有,声表面、陶瓷、石英。
常用晶体管的高频等效电路有,Y参数等效电路和混合π参数等效电路。
影响晶体管高频性能的主要因素是它的内部存在什么,结电容。
石英晶体滤波器和陶瓷滤波器是怎样工作的。,利用材料的压电效应效应
电阻的热噪声是一种频谱均匀的什么,白噪声。
带宽越宽，电路的噪声越怎样,大。
多级放大器的总噪声系数主要由什么决定,前级电路所决定。
降低噪声系数的措施有,选用低噪声的电路元器件，选择合适的晶体管放大器的电路直流工作点，选择合适的信号源内阻，采用共射-共基级联的电路形式，选择合适的放大器工作带宽，降低放大器的工作温度。
高频谐振功率放大器的三种工作状态是,过压、临界和欠压。
高频谐振功率放大器中为了将实际的负载阻抗变换成所需要大小的阻抗，应当使用,阻抗匹配网络。
高频谐振功率放大器中使用的匹配网络，主要功能是,选频滤波和阻抗变换。
电子电路中直流偏置电压随输入信号幅度而变化的，称为,自给偏压。
传输线变压器的工作方式是,传输线原理和变压器工作原理的结合。
高频功率放大器中使用的功率合成电路在能够完成功率合成任务之外，还具有良好的隔离作用，即,其中任一放大器工作状态发生变化或损坏时，不会引起其它放大器工作状态变化，不影响它们各自输出的功率。
反馈振荡器是一个什么反馈电路。,正
振荡电路的正常工作应当同时满足什么,振幅平衡条件和相位平衡条件。此外还应当具备起振和稳幅的机理。
LC 回路的谐振条件为：绕回路一周，电抗之和为,0
石英晶体振荡器的突出优点是,频率稳定度高
在并联型晶体振荡器中，石英晶体相当于一个,高 Q 电感元件
在串联型晶体振荡器中，石英晶体相当于一个,高选择性短路元件
在负阻振荡器中，LC 回路耗损的能量被负阻器件产生的什么能量所补偿掉了,交流
常见的振荡器电路有,反馈振荡器、LC正弦波振荡器、石英晶体振荡器、RC 正弦波振荡器、负阻正选波振荡器等。
压控振荡器是一个,输出频率受控制电压控制的振荡电路。
普通调幅波是一种幅值随调制信号变化的高频信号。该高频信号的幅值与调制信号_成什么关系。,成正比关系
普通调幅波的频谱由3 部分组成，分别是,载频、上边带和下边带。
与普通调幅波AM 相比，双边带调幅波DSB 的频谱只有,上边带和下边带。
与普通调幅波AM 相比，单边带调幅波SSB 的频谱只有,上边带或下边带。
常见模拟乘法器电路有,二极管双平衡、双差分对模拟_等。
常见混频器电路有,晶体管、二极管环形和双差分对等。
二极管包络检波器存在的两种失真是,惰性失真和负峰切割失真。
压控振荡器中担任由电压控制振荡频率任务的元件一般是,变容二极管。
最强的两种混频干扰是,中频干扰和镜像干扰。
解决寄生通道干扰的有效方法是,提高混频器之前电路的频率选择性。解决组合频率干扰的有效方法是采用产生组合频率小的混频器电路。
将高频信号经过混频器后变成为频率固定的中频信号，放大后再进行解调的接收机称为,超外差式接收机。
超外差式接收机中采用什么能够有效地解决镜像干扰问题。,采用高中频
常用的调幅波检波电路有两种，分别是,包络检波和调幅检波。
MC1496是一个,四象限的集成模拟乘法器。
直接调频就是,用调制信号直接控制振荡器的振荡频率，使其与调制信号成线性规律变化。
常见的鉴频方法有,斜率鉴频、相位鉴频、锁相环路鉴频和脉冲计数式鉴频。
斜率鉴频的方法是,先将等幅调频波送入一个“频率-振幅线性变换电路”，把调频波变换成幅度与频率正比变化的“调幅-调频波”信号，再用包络检波器检波，还原出调制信号。
为了获得谐振功率放大器所需的最佳负载电阻，应当使用,匹配网络。
石英晶体元件的等效Q 值高，石英晶体振荡器的突出优点是,频率稳定性好，精度高。
锁相环路（PLL）是由组成,鉴相器、 环路滤波器和压控振荡器组成的负反馈环路。
中波调幅广播的载波频率大约在怎样的范围,500KHz至1600KHz之间。
什么是静电场 ?写出其基本方程并由此总结静电场的特点。,由静止电荷在其周围产生的电场。 F=q1*q2/4pi*R*R*e0 静电场不随时间变化
什么是恒定电场 ?,恒定电流产生的电场。
什么是恒定磁场 ?,磁场强度和方向保持不变的磁场。
如果区域中某点的电场强度为零，能否说明该点的电位也为零？为什么？,电场强度 E 是一个随空间点位置不同而变化的矢量函数，仅与该点的电场有关。a，b 为两个电荷相等的正反电荷，在其中心点处电位为零，但场强不为零。
如果区域中某点的电位为零，能否说明该点的电场强度也为零？举例说明？,不能。 a，b 为两个相等正电荷，在其中心点处电场强度为零，但电位不为零。
静电场的电力线会闭合的吗？恒定电场的电力线会闭合的吗？为什么？,静电场的电力线不会闭合，起于正电荷止于负电荷。在变化的磁场产生的有旋电场中，电力线环形闭合，围绕着变化磁场。
写出两种不同媒质分界面上恒定电场与恒定磁场的边界衔接条件。,恒定电场的边界衔接条件 J*dS=0 E*dl=0  恒定磁场的边界衔接条件 B*dS=0 H*dl=I 
什么是矢量磁位 A? 什么是磁感应强度 B? ,B=0 B=*A(*A)=0，矢量磁位 A 是一个辅助性矢量。磁感应强度 B 是描述磁场强弱和方向的基本物理量
什么是磁导率 ? 什么是介电常数 ? ,表示磁介质磁性的物理量。介质在外加电场时会产生感应电荷而削弱电场，原外加电场（真空中）与最终介质中电场比值即为介电常数
静止电荷产生的电场，称之为静电场场。它的特点是,有散无旋场，不随时间变化 。
高斯定律说明静电场是一个,有散场。
安培环路定律说明磁场是一个,有旋场。
电流密度是一个矢量，它的方向与什么相同,导体中某点的正电荷的运动方向相同。
磁通连续性原理说明磁场是一个,无散场。
安培环路定律则说明磁场是一个,有旋场。
恒定电场是一种,无散和无旋的场。
在恒定电流的周围，同时存在着,恒定电场和恒定磁场。
电荷与电荷之间的作用力是通过什么传递的。,电场
电场强度定义,没有电场中某 P 点，置一带正点的实验电荷 q0，电场对他的作用力为 F，则电场强度（简称场强） E=limq0→0F/q0
功只与两端点有关。电场力所作用的功与路径的关系。,无关
静电平衡状态,第一，导体内的电场为零， E=0。第二，静电场中导体必为一等位体，导体表面必为等位面。第三，导体表面上的 E 必定垂直于表面。第四，导体如带电，则电荷只能分布于其表面（不是分布在内部）
静电场中的电介质,不是导体也不是完全绝缘介质。
电介质对电场的影响可归结为,极化后极化电荷或电偶极子在真空中产生的作用。
等相位面或波阵,在电磁波的传播过程中，对应于每一时电场 E 或磁场 H 具有相同相位的点构成。
平面电磁波,等相位面为平面的电磁波。
均匀平面电磁波,如果在平面电磁波的等相位面的每一点上，电场 E 的相同，磁场 H 也均相同
电磁波在理想介质中的传播速度与在自由空间中的传播速度相比。,电磁波在理想介质中的传播速度小于在自由空间中的传播速度。
对于入射波来说，空间任意点在每一瞬时的电场能量密度和磁场能量密度的关系。,相等
在理想介质中电磁波能量流动的方向与波传播的方向关系,方向一致
入射波中电磁能量以怎样的速度沿波前进方向流动。,与波传播速度 v 相同的速度
在无限大理想介质中，相速和波速相等，且与什么无关。,频率
电力系统的概念,发电厂中的电气部分、各类变电所、输配电线路及各种类型的用电器组成的整体
按电压等级的高低，电力网可分为,1低压电网（<1kv） 2中低电网（1<V<10kv）  3高压网（35kv<V<220kv） 4、超高电网（330~750KV）  5、特高压网（V>1000kv） 
我国电力系统常用的4种接地方式,1.中性点接地 2.中性点经消弧线圈接地 3.中性点直接接地4.中性点经电阻的电抗接地     
小电流接地方式优点,①可靠性能高 ②单相接地时，不易造成人身或轻微轻微的人身和设备安全事故 
小电流接地方式缺点,经济性差、容易引起谐振，危及电网的安全运行。
大接地电流方式优点,①能快速的切除故障、安全性能好 ②经济性好。
大接地电流方式缺点,系统供电可靠性差（任何一处故障全跳） 
大接地电流方式包含,中性点直接接地，中性点经电阻的电抗接地
小接地电流方式包含,中性点接地 中性点经消弧线圈接地 
消弧线圈的工作原理,在单相接地时，可以线圈的电流Il补偿接地点的容性电流消除接地的不利影响   
架空线路的组成,①导线、②避雷线、③杆塔、④绝缘子、⑤金具 
电力网的参数一般分为两类，分别说明,一类是由元件结构和特性所决定的参数，称为网络参数，如R、G、L等；另一类是系统的运行状态所决定的参数，称为运行参数，如I、V、P等。 
分裂导线用在什么场合，有什么用处？, 一般用在大于350kv的架空线路中。可避免电晕的产生和增大传输容量。  
三绕组变压器的绕组排列方式,①中、高、低  ②低、中、高    
标么值：是指实际有名值与基准值得的比值。优点是可以用来简化计算，缺点是什么,同一实际值可能对应着多个不同的标么值。
短路的定义与形式,短路指一切不正常的相与相之间的或相与地面之间的通路。 形式：①三相电路、②单相短路接地、③两相短路、④两相短路接地。 
短路计算的任务,①在选择电气设备时，要保证电气设备要有足够的动稳定性和热稳定性，这都要以短路计算为依据。②为了合理地配置各种继电保护装，并正确整定其参数，必须进行短路电流的计算。③在设计发电厂的变电所的主接线时，需要对各种可能的设计方案进行详细的技术经济比较，以便确定最优设计方案，这也要以短路计算为依据。④进行电力系统暂态稳定的计算，也包含一些电流计算的内容。 
无穷大电源的定义和特点,无穷大电源是一种为了理论上简化分析的需要，所假定的可以输出无穷大的功率的电源。特点：①电源频率和电压保持不变、②电源的内阻为零。 
短路要做的假设,①由无穷大电源供电、②短路前处于稳态、③电路三相对称。 
短路电流实际上包括两个分量，分别说明,①是周期性分量，即稳态短路电流，它是短路电流中的强迫分量，其幅值Im取决于电源电动势的幅值和电路参数。②是非周期分量，它是短路电流中的自由分量，按指数形式衰减。 
短路冲击电流的定义：是指短路电流中最大可能的瞬时值，同非周期分量有关。 
对称分量法的定义,是将一组不对称的三相量看成三组不同的对称三相量之和。三相量为：①正序分量：各相量的绝对值相等、相互之间有120°的相位，且与系统在正常对称运行下的相序相同。Ib1=Ia1•e-j120、Ic1= Ia1•ej120; ②负序分量：各相量的绝对值相等，相互之间有120°的相位差但与正常运行时的相许相反，以A相为基准相，有Ib2=Ia2•ej120、Ic2=Ia2•ej-120；③零序分量：各相量的绝对值相等，相位相同，也即Ia0=Ib0=Ic0。 
力系统元件的序参数的定义,同步发电机的负序和零序阻性抗（：类正型序、电参抗数、等负）序是电否抗大、致零相序同电抗 。发电机到短路点的电气距离是否大致相等。 
非全相断线的定义,是指一相断线和两相断线的非全线断线形式。非全相断线的运行是在故障口出现了某种不对称状态，系统的其余某部分的参数还是三相对称的，可以运用对称分量法进行分析。 
介绍潮流计算的几个量,①电压降落：指供电支路首末端电压的相位差；②电压损耗：指供电支路首末端两端电压的数量差，即为（U1-U2）；③电压偏移：指电网中某点的实际电压U与其额定电压UN之差，有时用百分数表示，即：电压偏移=（U-Un）/Un*100% ; ④电压调整：指线路末端在空载时的电压U20与负载时的电压U2的数量差。由于输电线路的电容效应，特别是超高压输电线路的电容效应，在空载时线路末端电压值上升较大。 
电源输出的功率由两部分组成，分别介绍,①一部分与负荷和线路阻抗有关、②第二部分与负荷无关，只与两端电源的电压差和线路阻抗有关，称为循环功率。 
通过对负荷节点的功率流向的分析会发现什么,①有的负荷只需要单方向提供电力就能满足负荷供电的要求，②而有的负荷必须从两个方向或两个以上方向同时同时提供电力才能满足负荷的供电要求。这种必须同时从两个方向或以上提供电力才能满足负荷供电要求的负荷节点，称为功率分点。 
闭式网络中电压最低点的判断方法,功率分点就是整个电力网电压的最低点。①在较高电压级的电网中，由于X>>R，此时电压最低点往往是无功功率分点。②在较低电压级的电网中，由于R>>X，此时电压最低点往往是有功功率分点。 
潮流计算的主要内容,①电流和分布的计算、②节点电压和电压损耗的计算、③功率损耗的计算。 
对每个节点i来讲，通常有四个变量,①发电机发出的有功功率和无功功率、②电压幅值和相位 
根据电力系统的实际运行条件，一般将节点分为哪三种类型,①PQ节点：这类节点P和Q是给定的，节点电压（幅值、相位）是待求量。电力系统中的绝大多数节点属于这一类型。②PU节点：这类节点是P和U是给定的，节点的Q和电压的相位待求。③平衡节点：平衡节点只有一个，它的电压幅值U和相位已给定，P和Q为待求量。 
平衡节点的定义,在潮流分布算出之，网络中的功率损耗是未知的。因此网络中至少有一个节点的P不能给定，这个节点承担了系统的有功功率平衡，故称为平衡节点。
基准节点的定义,必须选定一个节点，指定电压相位为0，作为计算各点电压相位的参考。这个节点称为基准节点。
介绍几种常见的无功功率电源,①同步发电机、②同步调相机及同步电动机、③并联电容器、④静止无功功率补偿器svc、⑤ 高压输电线的充电功率。 
变压器的分接头的定义,一般设在高压和中压绕组上。对于6300kv•A 及以下的变压器中，高压侧有三个分接头。每个分接头可使电压变化5%，各分接头电压分别为：0.95Un、Un、1.05Un。对于容量为8000kv•A 及以上的变压器，高压侧有5个分接头。各分接头电压分别为：0.95Un、0.975Un、Un、1.025Un、1.05Un，记为：Un（+/-）2*2.5%
绕组变压器的定义和使用方法,三绕组变压器除高压侧有分接头外，一般中压侧也有分接头可供选择。首先根据低压侧母线的调压要求，在高—低压绕组之间进行计算，选取高压侧的分接头电压，即变比 Uth/Un;然后根据中压侧母线的调压要求及选取的高压侧分接头电压Uth在高—中压侧绕组之间进行计算，选取中压侧的分接头电压Utm。确定变比为Uth/Utm/Un1 
介绍频率的一次调整,当负荷波动时，将引起频率的变化。这时发电机组的出力在调速器的作用下，也将作适当的调整；负荷从系统中吸收的实际功率也将作一定调整，从而在新的频率下，达到新的功率平衡。 
介绍频率的二次调整,一次调整是由调速器来调节，其结果是发电机增加的输入功率小于实际增加的负荷功率，此时频率仍旧小于fn。为了使系统稳定运行在fn下，此时用自动调频装置去调整，使发电机的静态曲线向上平移，直至系统发电机组的输入功率能符合负荷功率的增长的需要使系统频率运行于fn上。   
序参数的定义,对称的三相电路中流过不同序列的电流时，所遇到的阻抗是不同的，然而同一相序的电压和电流间仍符合欧姆定律。 
降低网损的技术措施,①提高用户处的功率因数，避免无功功率还距离传送；②在闭式网络中实行功率经济分布；③组织变压器经济运行; ④合理组织各发电厂经济运行；⑤合理选择导线的截面积；⑥调整用户的负荷曲线，调峰节电。⑦合理安排检修计划；⑧适当提高电力网的运行电压水平。 
等微增率准则的定义,就是运行的发电机组按微增率相等的原则来分配负荷，这样就是使系统总的燃料消耗为最小，从而是最经济的。 
提高电力系统静态稳定性的措施,①减小元件的电抗、②采用自动调节励磁装置、③改善系统的结构和采用中间补偿设备。 
组合电路电路的定义与结构特点,电路在任一时刻输出仅取决于该时刻的输入，而与电路原来的状态无关。只有门电路，不含存储（记忆）单元。
编码器的逻辑功能,把输入的每一个高、低电平信号编成一个对应的二进制代码。
优先编码器的定义,几个输入信号同时出现时，只对其中优先权最高的一个进行编码。
译码器的逻辑功能,输入二进制代码，输出高、低电平信号。
数据选择器的定义,从一组输入数据中选出某一个输出的电路，也称为多路开关。
分类介绍加法器,半加器：不考虑来自低位的进位的两个1位二进制数相加的电路。全加器：带低位进位的两个 1 位二进制数相加的电路。超前进位加法器与串行进位加法器相比虽然电路比较复杂，但其速度快。
数值比较器的定义,比较两个数字大小的各种逻辑电路。
组合逻辑电路中的竞争一冒险现象的定义,竞争：门电路两个输入信号同时向相反跳变(一个从1变0，另一个从0变1)的现象。竞争-冒险：由于竞争而在电路输出端可能产生尖峰脉冲的现象。消除竞争一冒险现象的方法：接入滤波电容、引入选通脉冲、修改逻辑设计
原码、反码、补码之间的转换方法,原码，就是用最高位表示数符(0表示正数、1表示负数)。正数，原码=反码=补码；负数，反码：除符号位以外，对原码逐位取反；补码：反码+1
已知某存储器标有1K×4字样，回答下列问题：（1）该存储器有几条地址线？（2）该存储器能存储多少个字？（3）每个字长是几位？（4）该存储器有几条数据线？（5）该存储器的容量是多少位,（1）10条地址线。，（2）1024个字。，（3）4位，（4）4条，（5）4096位
ROM由哪几部分组成？各部分的作用是什么？,ROM由地址译码器、存储矩阵及输出缓冲器三部分组成。地址译码器的作用是将输入地址码译成相应的控制信号，该控制信号从存储矩阵中把对应单元的信息送到输出。存储矩阵的作用是存储二进制信息。输出缓冲器作用有二个。一是提高负载能力，二是实现对输出的三态控制。
在PROM、EPROM、E2PROM及Flash Memory四种存储器中，可用光改写的是哪种？,是EPROM
哪些类型的ROM可用来设计组合电路？组合电路的输入变量及输出变量如何安排？,EPROM、E2PROM及Flash Memory都可以用来设计组合电路。输出变量安排在ROM的地址端，输出变量安排在数据端。
根据存储数据原理的不同，RAM可分为哪几种？它们存储数据的原理分别是什么？,可分为静态RAM和动态RAM两种。静态RAM靠触发器存储数据。动态RAM是利用MOS管栅极电容存储电荷的原理制成的。
介绍逻辑门电路,在逻辑代数中，最基本的逻辑运算有与、或、非三种。每种逻辑运算代表一种函数关系，这种函数关系可用逻辑符号写成逻辑表达式来描述，也可用文字来描述，还可用表格或图形的方式来描述。最基本的逻辑关系有三种：与逻辑关系、或逻辑关系、非逻辑关系。实现基本逻辑运算和常用复合逻辑运算的单元电路称为逻辑门电路。例如：实现“与”运算的电路称为与逻辑门，简称与门；实现“与非”运算的电路称为与非门。逻辑门电路是设计数字系统的最小单元。
介绍与运算,“与”运算是一种二元运算，它定义了两个变量 A 和 B 的一种函数关系。用语句来描述它，这就是：当且仅当变量 A 和 B 都为 1 时，函数 F 为 1；或者可用另一种方式来描述它，这就是：只要变量 A 或 B 中有一个为 0，则函数 F 为 0。“与”运算又称为逻辑乘运算，也叫逻辑积运算。
介绍或运算,“或”运算是一种二元运算，它定义了变量 A、B 与函数 F 的另一种关系。用语句来描述它，这就是：只要变量 A 和 B 中任何一个为 1，则函数 F 为 1；或者说：当且仅当变量A 和 B 均为 0 时，函数 F 才为 0。“或”运算又称为逻辑加，也叫逻辑和。其运算符号为“＋”。
介绍非运算,逻辑“非”运算是一元运算，它定义了一个变量（记为 A）的函数关系。用语句来描述之，这就是：当 A=1 时，则函数 F=0；反之，当 A=0 时，则函数 F=1。非运算亦称为“反”运算，也叫逻辑否定。
介绍与非门,“与”运算后再进行“非”运算的复合运算称为“与非”运算，实现“与非”运算的逻辑电路称为与非门。
介绍或非门,“或”运算后再进行“非”运算的复合运算称为“或非”运算，实现“或非”运算的逻辑电路称为或非门。
介绍异或门,对于二输入变量的“异或”逻辑，当两个输入端取值不同时，输出为“1”；当两个输入端取值相同时，输出端为“0”。实现“异或”逻辑运算的逻辑电路称为异或门。
介绍同或门,“异或”运算之后再进行“非”运算，则称为“同或”运算。实现“同或”运算的电路称为同或门。
真值表定义,表征逻辑事件输入和输出之间全部可能状态的表格。在表中通常以1表示真，0表示假。真值表是在逻辑中使用的一类数学表，用来确定一个表达式是否为真或有效。
最小项定义,设有n个变量，若m为包含全部n个变量的乘积项（每个变量必须而且只能以原变量或反变量的形式出现一次）则称m为该组变量的最小项。
最小项特点,(1)每个最小项均含有三个因子（n个变量则含n个因子）(2)每个变量均为原变量或反变量的形式在乘积项中出现一次(3)n个变量有2n个最小项
代入规则的定义,在任何一个逻辑等式中，如果将等式两边同时出现某一变量Ａ的地方，都用一个函数Ｌ表示，则等式仍然成立，这个规则称为代入规则
介绍约束项、任意项和无关项。,约束项和任意项是两个不同的概念。在分析一个逻辑函数时经常会遇到这样一类情况，就是输入逻辑变量的某些取值始终不会出现，在这些取值下等于1的那些最小项将始终为0。这些取值始终为0的最小项，就叫做该函数的约束项。有时还可能遇到另外一种情况，就是在输入变量的某些取值下，逻辑函数值等于1还是等于0都可以，对电路的逻辑功能没有影响，在某些变量取值下等于1的那些最小项，就叫做这个逻辑函数的任意项。约束项和任意项统称为逻辑函数式中的无关项，这些最小项是否写入逻辑函数式无关紧要，可以写入也可以删除。
计算TTL门电路输入端并联的总输入电流时，为什么有时按输入端的数目加倍，有时按门的数目加倍。,与逻辑关系是通过T1的多发射极结构实现的，当n个输入端并联时，若输入为低电平，输入电流为流过T1基极的电阻R1的电流(Vcc-VB1)/R1；而输入为高电平时，T1工作在倒置放大状态，相当于n个倒置放大的三极管并联，所以输入电流为单个输入端高电平输入电流的n倍。 
为什么TTL电路的推拉式输出结构的输出电阻都很小。,当输出为低电平时，输出端的晶体三极管T4 截止，T5饱和导通，其输出电阻很小。当输出为高电平时，T5截止，T4工作在射极输出状态，输出电阻也很小。
使用中规模集成器件设计组合逻辑电路时，如何选择器件的类型。,用n位地址输入的数据选择器，可以产生任何形式的输入变量数不大于n+1的组合逻辑函数。可以把数据选择器看作通用组合逻辑函数发生器，但它只有一个输出端，只能用于产生单输出逻辑函数。二进制译码器是通用的最小项发生器，要用附加的或门（或与非门）将所需的那些最小项相加，就可以得到所需要的逻辑电路了。n位二进制译码器可以产生输入变量数不大于n的组合逻辑函数。加法器的逻辑功能是将两个（或两组）输入按二进制数的数值相加。若要产生的函数能化成输入变量与输入变量或输入变量与常量在数值上相加的形式，可用加法器实现。数值比较器的逻辑功能是比较两个输入二进制代码的数值，给出大于、小于和相等的输出信号。只能用来判断两个代码是否相同或者数值的大小关系。编码器是把每个输入端的高、低电平信号转换为一个对应的输出代码，因此只能用在需要把一组开关信号转换为一组二进制代码的地方。
逻辑图形符号输入端的小圆圈的含义，怎样分析这种图形符号的逻辑功能。,在某些具体的逻辑电路中，有的输入逻辑变量是以低电平作为有效信号的。这时为了强调“低电平有效”，便在信号输入端画上小圆圈，并在信号名称上加“非”号。从逻辑功能上讲，这个小圆圈所代表的含义是输入信号经过反向后才加到后边的逻辑符号上的，所以它代替了输入端的一个反相器。	在分析这类逻辑图形符号的功能时，只要用反相器代替输入端的小圆圈就可以了。
触发器的分类方法和各自的特点。,按电路结构形式分为基本RS触发器、同步RS触发器、主从触发器、维持阻塞触发器和CMOS边沿触发器。电路结构不同，它们的动作特点不同。按逻辑功能分为RS触发器、D触发器、JK触发器和T触发器等。逻辑功能不同，信号的输入方式以及触发器状态随输入信号变化的规律不同。根据存储原理分为静态和动态触发器。静态触发器靠电路的自锁存储数据，动态触发器是通过MOS管栅极输入电容上存储电荷来存储数据的。
触发器的电路结构和逻辑功能之间的关系。,触发器的电路结构和逻辑功能是两个不同的概念，两者没有固定的对应关系。同一逻辑功能的触发器可以用不同的电路结构实现，电路结构不同，动作特点不同；用同一种电路结构形式可以实现不同的逻辑功能的触发器。例如：有同步RS触发器、主从RS触发器、维持阻塞结构RS触发器，它们在稳态下的逻辑功能相同，但电路结构不同，动作特点不同。又如维持阻塞结构可以做成D触发器，也可做成JK触发器。
主从结构触发器的动作特点,主从触发器翻转分两步完成：CP=1时，主触发器接收输入信号，置成相应状态；CP下降沿从触发器翻转。主触发器是一个同步触发器，在CP=1的全部时间里输入信号都对主触发器起控制作用。主从RS触发器，CP=1期间主触发器可以变化多次。主从JK触发器，由于Q和/Q接回到了输入门，在Q=0时主触发器只接受置1输入信号，Q=1 时主触发器只接受置0信号， 使得CP=1期间主触发器只能变化一次。因此在CP=1期间输入信号发生过变化后，从触发器的状态不一定决定于CP下降沿时的输入状态值，必须考虑CP=1整个期间的输入信号的变化过程。
时序逻辑电路的结构中为什么必须含有一个存储电路，而且存储电路的输出还必须与输入变量一起决定电路的输出。,时序逻辑电路区别于组合逻辑电路的根本特征在于它任意时刻的输出不仅取决于当时的输入，而且还取决于电路原来的状态。为了实现上述逻辑功能，时序电路就必须有记忆能力，把电路原来的状态保存下来，这就需要用存储电路。同时，为了使输出“不仅取决于当时的输入，而且取决于电路原来的状态”，那么就必须将存储器的输出加到输出电路上，与输入的逻辑信号共同决定输出的逻辑状态。
可以说CP信号是计数器的输入逻辑变量吗？,计数器的工作过程是每次时钟脉冲到来后便按照状态转换图一次从一个状态转换为下一个状态。时钟脉冲只是让计数器从一个状态转到下一个状态的操作信号，而计数器的具体状态与时钟信号没有任何逻辑关系。因此，时钟信号不是输入逻辑变量。
设计实际时序电路时的逻辑抽象。,时序电路的逻辑功能上的特点是任意时刻的输出不仅取决于当时的输入，同时还取决于电路所处的状态，这就要求逻辑函数能描述逻辑事件的全部过程。为此，逻辑抽象工作必须包括以下内容：1）确定所设计电路的输入变量和输出变量。2）通过对逻辑要求的分析，找出在事件发生过程中所可能出现的逻辑状态。这些状态需要分别用电路的状态表示，即逻辑状态的数目就是电路必须具备的状态数。3）定义输入、输出逻辑状态的含义，并将逻辑状态编码。4）分析设计要求，找出每个逻辑状态在各种可能的输入信号下的输出状态和应当转到的次态。
施密特触发器和各种触发器的区别。,“施密特触发器”是“Schmitt  Trigger”，而各种“触发器”是“Flip-Flop”，所指的是两种根本不同性质的电路。只是在翻译成中文时没有加以区分，所以容易混淆。各种触发器都具有两个可以自行保持的稳定状态，并且可以根据需要置成0或1状态。而施密特触发器的输出状态始终都是由当时的输入状态决定的，没有记忆状态。它的性能特点仅在于输入电压在上升过程中引起输出状态改变时的阈值电压VT+和下降过程中引起输出状态改变时的阈值电压VT--不相同，而且由于输出状态改变过程中有正反馈作用，所以输出电压变化的边沿很陡。
存储器和寄存器的区别,存储器和寄存器都是用来存储信息的，但它们的结构和工作是不同的。寄存器电路结构的特点是每个存储单元的输入和输出都接到一个引脚上，可以直接与外界连接，它可以最方便、快捷地与外电路交换数据。由于制作工艺的限制，集成电路的引脚数目不可能太多，所以每个寄存器的集成电路里包含的存储单元数目不会太大，无法实现大量数据的存储。存储器电路的结构特点是采用了公用的输入与输出电路，只有被输入地址代码指定的存储单元才能通过输入与输出电路的外电路数据交换。因此，就可以在不增加输入与输出引脚的条件下大量的增加集成电路内部的存储单元，制成大存储容量的存储器芯片。存储器的写入和读出操作就不像寄存器那样简单而直接。首先要输入指定地址的代码，经过地址译码器译码后找到对应的存储单元，然后才能对指定的存储单元进行写入或读出操作。
用存储器来设计组合逻辑电路时，应当如何选取变量输入端和函数输出端？,用存储器设计组合逻辑电路时，在知道了组合逻辑函数的真值表以后，如果把输入变量看作存储器的地址输入信号，把存储器的数据输出端看作是函数输出端，那么函数的真值表也就是存储器的数据表。因此选地址输入端作为变量输入端，选数据输出端作为函数输出端。
D/A转换器的应用,1．用于组成波形发生器1）分析给定的波形发生器电路 ：首先找出D/A转换器输入的数字序列数值，然后算出与这些数字量对应的输出模拟电压数值，再将这些模拟电压作为输出波形的幅值，按时间顺序画出波形，就得到了输出电压波形。2）设计产生指定波形的波形发生器电路：在一个完整的波形周期内按一定的时间间隔取一系列的采样点；选定一个最小量化单位，将每个采样点上波形的幅值量化，算出对应的数字量；将这些数字量顺序地存入存储器的地址中，并将存储器的数据输出作为D/A转换器的数字量输入；顺序地读出存储器的数据并不断的循环，在D/A转换器的输出端就得到了所要求的电压波形。2．用于组成增益可编程放大器负反馈电压放大器中，电压放大倍数（增益）为AV  = - RF / R1。只要以D/A转换器作为可编程电阻取代R1或RF，就能构成增益可编程放大器。这里所说的“编程”就是为D/A转换器设定输入数字量D，通常是将数字量D存入一个寄存器中，然后将寄存器的输出加到D/A转换器上。
大规模集成电路的设计流程包括哪些,需求分析、系统设计、体系结构设计、功能设计、逻辑设计、可测性设计、版图（或软件）设计等
大规模集成电路的体系结构设计的三要素为哪些,建模，探索，细化。
高位综合的定义与优势有哪些, 高位综合是指从算法级描述自动生成RTL级描述的过程。与人工设计相比，高位综合不仅可以尽可能地缩短开发周期，而且可以生成在面积、性能、功耗等方面表现出色的电路。
逻辑综合是什么样的过程,逻辑综合就是将RTL描述变换为门电路，根据面积或延迟进行最优化，并进行特定工艺单元库映射的过程。
构造化法是目前可测性设计的主要方法，具体可细分为哪些,可以细分为：扫描测试法、边界扫描测试法、内建自测试法、静止电源电流法。
布局布线的步骤分为哪些,布图规划、电源布线、布局（设计）、时钟布线、布线（设计）等。
为了进行时序验证、功耗验证、信号完整性验证及电子迁移性验证，需要从版图结果中提取什么,为了进行时序验证、功耗验证、信号完整性验证及电子迁移性验证，需要从版图结果中提取布线寄生参数。
什么是等值面,等值面是所有具有相同数值的点组成的面，空间中所有的点均有等值面通过，所有的等值面均互不相交，同一个常数值可以有多个互不相交的等值面。
什么是矢量线,矢量线（通量线）即一系列有方向的曲线，线上每一点的切线方向代表该点矢量场方向，而横向的矢量线密度代表该点矢量场大小。例如，电场中的电力线、磁场中的磁力线。
右手法则与右手螺旋法则是什么,右手法则又叫右手螺旋法则。右手定则是指当食指指向矢量A的方向，中指指向矢量B的方向，则大拇指的指向就是矢量积C=A*B的方向。
什么是电偶极子,电偶极子是电介质中的分子在电场的作用下所形成的一对等值异号的点电荷。
电偶极矩矢量是如何定义的,电偶极矩矢量大小等于点电荷的电量和间距的乘积，方向由负电荷指向正电荷。
什么是电磁场边界条件,边界条件由麦克斯韦方程组的积分形式出发，得到的到场量在不同媒质交界面上应满足的关系式（近似式）。边界条件是在无限大平面的情况得到的，但是它们适用于曲率半径足够大的光滑曲面。
直接积分法的基本概念是什么,直接求解一维电位分布所满足的二阶常微分方程，即直接求解一维的泊松方程（有源区）或一维的拉普拉斯方程（无源区）的方法。
分离变量法的基本概念,将待求的多变量的未知函数分离成多个单变量的函数后分别进行求解的方法。
什么是镜像法,导体平面和导体球面的镜像电荷是如何确定的。
导体球面的镜像法特点有哪些,电荷在接地球的外部时，总的感应电荷等于镜像电荷，但是电量小于实际的电荷。电荷在接地球壳内部时，总的感应电荷也是等于镜像电荷，其电量也等于实际的点电荷的电量。
静电比拟法是什么，有哪些好处,静电比拟法是借助静电场的计算方法或者计算结果来得到导体内恒定电场问题的解。或者借助已有的导体内恒定电场的计算或实验结果得到静电问题的解。用处：根据静电比拟法可知电容器中电流分布。
坡印亭定理及其物理意义,电磁波的传播伴随着电磁能量的传递。或者说，电磁能量以电磁波的形式在空间传播以送到远方的接收点。电磁能量在传播的过程中满足能量守恒定律。能量守恒定律能量既不会凭空产生，也不会凭空消失，它只能从一种形式转化为另一种形式，或者从一个物体转移到另一个物体，在转化或转移的过程中，能量的总量不变。
什么是均匀平面波的极化,极化（偏振）空间各点的电场强度矢量随时间变化的特性或各点的电场强度矢量的顶点在一个周期内在等相位面内画出的轨迹的形状。
均匀平面波的极化有什么特点,(1)电场的极化就是磁场的极化；（2）不同的位置处，极化的形式完全相同，只是变化的起始点不同；（3）均匀平面波的极化可以分为线极化、圆极化和椭圆极化三种，而圆极化和椭圆极化又分为右旋（正旋）极化或左旋（反旋）极化。
什么是线极化,当均匀平面波的电场的两个分量的初相位是同相或者反相时，对应的均匀平面波是线极化波。
什么是圆极化,当均匀平面波的电场的两个分量的幅度相等且初相位相差90度时，对应的均匀平面波是圆极化波。
什么是右旋圆极化波和左旋圆极化波,将大拇指指向波的传播方向，其余的四指指向电场矢量顶点的旋转方向，符合右手螺旋关系的称为右旋（正旋）极化波，符合左手螺旋关系的称为左旋（反旋）极化波。
什么是色散与导电媒质的色散,色散是由于实际中的信号总是含有不同的频率分量，如果这些不同的频率分量的相速不同的话，将会导致信号不能正常传播，出现失真。这种现象称为色散（或频散）现象。色散媒质是具有色散现象的媒质就称为色散媒质。由于在导电媒质中，电磁波的相速不是常数，所以导电媒质就是一种色散媒质。当电磁波在无限大的理想介质中传播时，其相速是与频率无关的常数，因此不会出现色散。
什么是趋肤效应,趋肤效应当电磁波垂直进入良导体后，场强以及电流密度随着电磁波透入导体深度的增加而迅速衰减。场强以及电流密度主要分布在导体表面，这种现象就是所谓的“趋肤效应”。
什么是斜入射,均匀平面波以任一角度向理想介质平面入射。
什么是入射面,由入射线和界面法线所确定的平面，也即入射线、反射线、折射线和分界面的法线所共有的平面。
什么是垂直极化波的斜入射,入射波的电场垂直于入射面。
什么是平行极化波的斜入射,入射波的电场平行于入射面。
请简述述亥姆霍兹定理,亥姆霍兹定理研究一个矢量场，必须研究它的散度和旋度，才能确定该矢量场的性质。
电偶极子在匀强电场中和非匀强电场中会受作怎样的运动,电偶极子在匀强电场中受一个力矩作用，发生转动；非匀强电场中，不仅受一个力矩作用，发生转动，还要受力的作用，使 电偶极子中心 发生平动，移向电场强的方向。
分离变量法的基本步骤有哪些,具体步骤是 1、先假定待求的位函数由两个或三个各自仅含有一个坐标变量的乘积所组成。2、把假定的函数代入拉氏方程，使原来的偏微分方程转换为两个或三个常微分方程。解这些方程，并利用给定的边界条件决定其中待定常数和函数后，最终即可解得待求的位函数。
叙述什么是镜像法与其关键和理论依据,镜像法是用等效的镜像电荷代替原来场问题的边界，其关键是确定镜像电荷的大小和位置，理论依据是唯一性定理。
试写出波的极化方式的分类,波的极化方式的分为圆极化，直线极化，椭圆极化三种。
试简要说明导电媒质中的电磁波具有什么样的性质（设媒质无限大）,导电媒质中的电磁波性质有电场和磁场垂直；振幅沿传播方向衰减；电场和磁场不同；以平面波形式传播。
描述天线特性的参数有哪些, 描述天线的特性能数有辐射场强、方向性及它的辐射功率和效率。
天线辐射的远区场有什么特点,天线的远区场的电场与磁场都是与 1/r成正比，并且它们同相，它们在空间相互垂直，其比值即为媒质的本征阻抗，有能量向外辐射。
区域V内给定自由电荷分布$\rho$、$\sigma$，在V的边界上给定什么，则V内电场唯一确定,区域V内给定自由电荷分布$\rho$、$\sigma$，在V的边界上给定电势与电势的法线导数，则V内电场唯一确定。
相对论的基本原理为,相对性原理，光速不变原理。
判断:电磁波在波导管内传播时，其电磁波是横电磁波，正确与否,不对。
任何相互作用都不是瞬时作用，而是以有限的速度传播的对么,正确。
如果两事件在某一惯性系中是同时发生的，在其他任何惯性系中它们必不同时发生，对么。,错误。
在稳恒电流情况下，有没有磁场存在？若有磁场存在，磁场满足什么方程,有磁场存在，满足安倍定则。
电磁场也是一种物质，因此它具有能量、动量，满足能量动量守恒定律。对吗,正确。
在静电情况，导体内无电荷分布，电荷只分布在表面上么,正确。
当光从光密介质中射入，那么在光密与光疏介质界面上就会产生全反射，对么,错误。
请描述狭义相对论原理中的相对性原理,（1）物理规律对于所有惯性系都具有完全相同的形式。（2）一切惯性系都是等价的，不存在绝对参照系。
光速不变原理是什么,真空中光速相对任何惯性系沿任何一个方向大小恒为c，且与光源运动速度无关。
狭义相对论的时空理论内容有哪些,1.同时是相对的：在某一贯性参考系上对准的时钟，在另一相对运动的贯性参考系观察是不对准的。2.运动长度缩短：沿运动方向尺度收缩。3.运动时钟延缓：运动物体内部发生的自然过程比静止的钟测到的静止物体内部自然过程经历的时间延缓。
电磁转矩是什么意思,载流导体在电机磁场中作用，使电枢受到的一个转矩。
请解释电枢反应,直流电机电枢绕组中负载电流时，它所产生的磁动势对励磁绕组磁场的影响。
请解释励磁磁动势,同步发电机的励磁绕组通常在转子上，当励磁绕组中通入直流电流后，产生的磁动势。
请解释气隙,气隙是磁路与磁路之间的空气间隔。
额定功率因数,指电动机在额定负载时，定子边的功率因数。
请解释主磁通,变压器中同时链着一、二次绕组的磁通。
请解释漏磁通,变压器中只链一次绕组或二次绕组本身的磁通。
试简述抑制谐波电动势中一般高次谐波的方法。,主要采用短距绕组、分布绕组和改善主极磁场分布的方法，其他有采用斜槽、采用分数槽绕组等方法。
说明并励直流发电机的外特性具有哪三个特点,（1）负载增大时，端电压下降较快；（2）外特性有拐弯现象；（3）发电机稳态短路（端电压等于零）时，短路电流不大。
试简述增大绕线式感应电机转子电阻对下列参数的影响：起动电流，起动转矩，最大转矩，额定转速，额定效率。,起动电流减小、起动转矩增大、最大转矩不变、额定转速下降、额定效率降低。
电力变压器的主要功能是什么？它是通过什么作用来实现其功能的？,电力变压器的主要功能是把一种电压等级的交流电能转换为同频率的另一种电压等级的交流电能。它是通过电磁感应原理来实现其功能的。
三相异步电机运行状态的判别依据是什么？,0<s<1，电动机状态；s<0，发电机状态；s>1，电磁制动状态。
直流发电机按励磁方式。,（1）他励发电机；（2）自励发电机：a.并励发电机，b.串励发电机，c.复励发电机。
同步发电机的基本特性。,空载特性、短路特性、负载特性、外特性、调整特性。
三相异步电动机的性能指标。,效率、功率因数、堵转转矩、堵转电流、过载能力。
三相异步电动机的调速方法。,改变定子电压调速；转子回路串接电阻调速；变极调速；变频调速。
一台三相变压器S_{\mathrm{N}}=600 \mathrm{KVA}，50 \mathrm{~Hz}， \mathrm{Dy}  联结， U_{\mathrm{LN}} / U_{2 \mathrm{~N}}=10000 / 400 \mathrm{~V} ，每相短路阻抗  Z_{k}=1.8+\mathrm{j} 5 \Omega ， 每相负载阻抗  Z_{F}=0.3+\mathrm{j} 0.1 \Omega ， 求该变压器一次侧加额定电压时: 计算一、二次侧电流  I_{1}  和  I_{2},\begin{array}{l}\text { 解: } k=\frac{U_{1 N \phi}}{U_{2 N \phi}}=\frac{10000}{400 / \sqrt{3}}=43.3 \\Z_{L}^{\prime}=k^{2} Z_{L}=43.3^{2}(0.3+j 0.1)=562.5+j 187.5(\Omega) \\I_{1 \phi}=\frac{U_{1 \phi}}{\left|Z_{k}+Z_{L}^{\prime}\right|}=\frac{10000}{|(1.8+j 5)+(562.5+j 187.5)|}=16.77(\mathrm{~A}) \\I_{1}=\sqrt{3} I_{1 \phi}=29.05(\mathrm{~A}) \\I_{2}=I_{2 \phi}=k I_{1 \phi}=43.3 \times 16.77=726.1(\mathrm{~A})\end{array}
磁滞损耗和涡流损耗是什么原因引起的？它们的大小与哪些因素有关？,磁滞损耗：铁磁材料在交变磁场作用下反复磁化，磁畴会不停转动，相互间产生摩擦，消耗能量，产生功率损耗。 与磁场交变频率，磁通密度，材料，体积，厚度有关。涡流损耗：由电磁感应定律，硅钢片中有围绕磁通呈涡旋状的感应电动势和电流产生叫涡流，涡流在其流通路径上的等效电阻中产生的损耗叫涡流损耗。 与磁场交变频率，磁通密度，材料，体积，厚度有关。
磁路的基本定律有哪些？当铁芯磁路上有几个磁动势同时作用时4，磁路计算能否用叠加原理？为什么？,安培环路定律，磁路的欧姆定律，基尔霍夫 第一定律，基尔霍夫第二定律。不能使用叠加原理，因为磁路是非线性的，存在饱和现象。
何确定联接组？试说明为什么三相变压器组不能采用Yy联接组，而三相心式变压器又可以呢？为什么三相变压器中常希望一次侧或者二次侧有一方的三相绕组接成三角形联接？,为了区别不同的连接组，采用时钟表示法，将高压绕组电动势相量作为长指针指向0点，将低压绕组电动势作为短针。对于三相变压器，连接组号的规定与单相变压器相似。三相变压器中，三相磁路彼此无关，考虑三次谐波影响，因为中性点不接地，三次谐波电流无法流通，不能对回路中的三次谐波电动势起去磁作用，此时三次谐波电动势与基波叠加，会使基波电动势波形畸变，影响电能质量，可能造成过电压损坏绝缘，采用这种接法的变压器一般附加三角绕组，构成三次谐波电流通路。
并联运行的理想条件是什么？要达到理想情况，并联运行的各变压器需满足什么条件？,理想条件是：空载时并联的各变压器一次测间无环流，负载时各变压器所承担的负载电流按容量成比例分配。满足条件是（1）各变压器一、二次侧额定电压对应相等，电阻相等（2）连接组号相同（3）短路阻抗标幺值相等（4）短路电压的标幺值相等，及各台变压器所承担负荷与其额定容量比例分配。
三相同步发电机投入并联运行的条件是什么？如果不满足条件会产生什么后果？,波形相同，频率相同，幅值相同，相位相同，相序相同.如不满足条件，在发电机和电网间产生环流，导致发生电磁冲击和机械冲击。
同步电动机为什么没有起动转矩？其起动方法有哪些？,同步电动机只有在定子旋转磁场与转子励磁磁场相对静止时，才能得到平均电磁转矩，稳定的实现机电能量转换。如将静止的同步电动机通入励磁电流后直接投入电网，则定子旋转磁场将以同步转速相对于转子磁场运动，转子上承受的是交变的脉振转矩，平均值为零。因此，同步电动机不能自启动，没有起动转矩。起动方法有：辅助电动机启动，变频启动，异步启动。
试述变压器激磁电抗和漏抗的物理意义；它们分别对应什么磁通，对已制成的变压器，它们是否是常数？,激磁电抗是表征铁心磁化性能和铁心损耗的一个综合参数；漏电抗是表征绕组漏磁效应的一个参数。激磁电抗对应于主磁通，漏电抗对应于漏磁通，对于制成的变压器，励磁电抗不是常数，它随磁路的饱和程度而变化，漏电抗在频率一定时是常数。
变压器的额定电压为220/110V，若不慎将低压方误接到220V电源上，试问励磁电流将会发生什么变化？变压器将会出现什么现象？,磁通增加近一倍，使激磁电流增加很多（饱和时大于一倍）。此时变压器处于过饱和状态，副边电压440V左右，绕组铜耗增加很多，使效率降低、过热，绝缘可能被击穿等现象发生。
戴维宁定理是指什么,德布鲁因-戴维宁定理（De Bruijn-Davies theorem），也称为戴维宁定理，是一个用于数学分析中的定理，它描述了复数函数在无穷远处的行为。根据戴维宁定理，对于一个解析函数（在某个区域内无处不可导的函数），如果它在整个复平面上都有界且有限，那么当自变量趋向于无穷远时，函数的值趋于一个常数。换句话说，函数在无穷远处有一个有限的极限值。
励磁电流不变的情况下，直流发电机负载时电枢绕组感应电动势与空载时电枢绕组感应电动势大小相同吗？为什么？,负载时电动势比空载时小，由于负载时有电枢反应去磁作用，使每极磁通减小。
试述并励直流电动机的调速方法，并说明各种方法调速特点。,1）改变励磁电流调速。这种调速方法方便，在端电压一定时，只要调节励磁回路中调节电阻便可改变转速。由于通过调节电阻中的励磁电流不大，故消耗的功率不大，转速变化平滑，范围广。接入并励回路中的调节电阻为零时的转速为最低转速，故只能“调高”，不能“调低”。改变励磁电流，机械特性的斜率发生变化并上下移动。（2）改变电枢端电压调速。当励磁电流不变时，只要改变电枢端电压，即可改变电动机的转速，提高电枢端电压，转速升高。改变电枢端电压，机械特性上下移动，但斜率不变，即其硬度不变。此种调速方法的最大缺点是需要专用电源。（3）改变串入电枢回路的电阻调速。在端电压及励磁电流一定、接入电枢回路的电阻为零时，转速最高，增加电枢路电阻转速降低，故转速只能“调低”不能“调高”。增加电枢电阻 ，机械特性斜率增大，即硬度变软，此种调速方法功率损耗大，效率低。
感应电机转速变化时，转子磁势相对定子的转速是否改变？相对转子的转速是否改变？,转子磁势相对定子转速不变，相对转子转速改变。
三相感应电动机运行时，若负载转矩不变而电源电压下降10%，对电机的同步转速 ，转子转速 ，主磁通 ，功率因数 ，电磁转矩 有何影响？,同步转速不变；转子转速下降；主磁通下降；功率因数下降；电磁转矩不变。
说明三相感应电动机转子绕组折算和频率折算的意义，折算是在什么条件下进行的？,转子绕组折算就是用新绕组替换原绕组。为了导出等效电路，用一个与定子绕组的相相数、匝数和绕组因数相同的等效绕组替换实际转子绕组，折算前后转子绕组的磁动势和各种功率及损耗不变，因而从定子边看转子，一切未变。频率折算即用静止的转子替换旋转的转子，折算条件也是磁动势和各种功率及损耗不变。
为什么相同容量的感应电机的空载电流比变压器的大很多？,变压器的主磁路全部用导磁性能良好的硅钢片构成，感应电机的主磁路除了用硅钢片构成的定、转子铁心外，还有空气隙。气隙的长度尽管很小，但磁阻很大，使得感应电机主磁路的磁阻比相应的变压器大。
当主磁通确定之后，异步电动机的励磁电流大小与什么有关? 根据任意两台同容量异步电动机励磁电流的大小可比较其主磁通的大小吗?为什么? ,当主磁通确定之后，异步电动机的励磁电流大小与定、转子之间的气隙大小有密切关系，气隙大也就是磁阻大，根据磁路欧姆定律，在磁通确定时，磁组大则磁动势大，也就是励磁电流大，所以一般异步电动机气隙较小，以使励磁减小，在主磁通相同时，气隙大小不同，励磁电流大小就不同，即不同大小的励磁电流可产生相同的主磁通。所以，根据励磁电流的大小并不能比较其主磁通的大小。
变压器空载运行时的磁通是由什么电流产生的？主磁通和一次漏磁通在磁通路径、数量和与二次绕组的关系上有何不同？由此说明主磁通与漏磁通在变压器中的不同作用。,磁通是由一次绕组电流产生的；主磁通在铁心中闭合，磁阻很小，漏磁通只连一次绕组，不连二次绕组，经过空气磁路闭合，磁阻很大，数量上的比值E1与Es1之比；主磁通起传递能量的作用，漏磁通在绕组电路中产生电压降。
为什么他励直流电动机中设置弱磁保护环节?,他励电动机励磁绕组和电枢绕组分别由不同的直流电源供电。二者互不联接。所以当励磁绕组产生的磁场强度较小以至于电枢不能转动时不会影响电枢线圈电源对其供电.而当电枢停止运动时由于没有反电动式，电枢绕组电阻较小.这时就相当于电源和电枢绕组串联成通路.很容易烧坏电动机或电源.所以需要加入弱磁保护环节进行保护。
自耦变压器优缺点,提高了变压器的极限制造容量，消耗材料少成本低，损耗少效益高，便于运输和安装。缺点:使电力系统短路电流增加，造成调压上的一些困难，使绕组的过电压保护复杂，使继电保护复杂。
并励直流发电机自励的条件是？,1、气隙中必须有剩磁；2、励磁磁动势与剩磁两者方向必须相同；3、励磁回路的总电阻必须小于临界电阻。
变压器一二次绕组在电路上并没有联系，但负载运行时，二次电流次电流大，则一次电流大为什么？由此说明磁动势平衡概念及其在定性分析变压器时的作用,变压器一二次绕组在电路上并没有联系 但通过铁心磁路相互联系，二次侧的能量是依靠这种电磁藕合实现传递，因此，当负载电流增大，一次电流也跟着变化增大。
变压器一二次侧间的功率传递靠什么作用实现 在等效电路上可以用那些点亮的成绩来表示  变压器能否直接传递直流电功率,变压器一、二次侧间的功率传递是靠电磁感应作用来实现的，一次侧传进给二次侧的有功功率可用和的点乘，即标量积来表示。传进给二次侧的有功功率为Pm=E1I2=E2I2=E2I2，因为通直流电时感应电动势E和E都等于零所以不能传递直流电功率。
变压器做空载短路试验时，从电源输入的有功功率主要消耗在什么地方？在一二次侧分别做同一实验测得的输入功率相同吗？为什么？,变压器空载试验时，从电源输入的有功功率主要消耗是铁损耗，变压器短路试验时，从电源输入的有功功率主要消耗在铜损耗，在一二次侧分别做同一试验，测得的输入功率是相同的，因为铁芯的状态、原副边绕组的状态没有差别，其发热状态就一样，能量损耗就一样，所以测量输入的有功功率应该是相同的。
三绕组变压器一次绕组的额定容量与二三次绕组的额定总容量是相同的吗？为什么？,三绕组变压器的额定容量是按每个绕组分别计算的 它等于绕组额定电流乘以额定电压 ，通常三个绕的容量按不同比列搭配，一次绕组的额定容量与二三次绕组的额定总容量是不相同的，绕组的额定容量仅反映绕组带负载的能力 在具体运行时各绕组的负载分配应符合能量守恒定律 即输入功率等于输出功率加上变压器本身消耗。
三绕组变压器一次绕组接额定电压运行时，二次绕组负载发生变化，是否会对三次绕组的端电压产生影响？为什么?,一次绕组接额定电压不变时，二次绕组负载发生变化，即二次绕组电流发生变化，根据磁动势平衡关系一三次绕组电流会相应的变化 所以一次绕组漏阻抗压降与三次绕组漏阻抗抗压降会发生应变化 使三此绕组的端电压发生变化 可根据三绕组变压器的等效电路对三次绕组端电压的变化值进行测定。
自耦变压器的变化比k通常在什么范围内  ？太大太小有何优缺点？,K通常大于1小于等于2  太大使绕组容量接近变压器容量优越性降低，也使高低压相差悬殊，太小可以直接传导 就不需要变压器。
如果电源电压不变 三相异步电动机的主磁通大小与什么因素有关,如果电源电压不变，则三相异步电动机的主磁通的大小就于定子电流有关，因为定子电流还与转速有关，所以主磁通的大小还与转子转速有关，或者和转差率有关。
三相异步电动机的负载转矩是否任何时候都绝对不可超过额定转矩？为什么,异步电动机的负载转矩不是任何时候都绝对不可超过额定转矩的，额定转矩时根据电动机长期连续运行温升的限制所确定的，只要电动机温升不超过气温升限制，负载转矩短时超过额定转矩是可以的。
三相异步电动机外加电压的大小与堵转电流的关系，与堵转转矩又有什么关系，为什么电磁转矩随外加电压的平方变化？,堵转电流与外加电压成正比，堵转转矩与外加电压平方成正比，这是因为电磁转矩等于电磁功率除以电磁功率与电压平方成正比。另一方面 电磁转矩与气隙每极磁通量，转子相电流以及转子功率因数成正比，气隙每极磁通量与电压成正比，转子相电流也与与电压成正比所以电磁转矩随外加电压的平方变化。
三相异步电机的堵转电流与外加电压，电机所带负载是否有关？关系如何？是否堵转电流越大堵转转矩也越大？负载转矩的大小只会对启动时间的长短产生什么影响？,堵转电流与外加电压成正比关系，与所带负载无关。若电机参数不变，则堵转电流越大，堵转转矩也越大。负载转矩的大小只会对启动时间的长短产生影响。
同步电机的励磁方式有哪些,直流发电机励磁、静止整流装置励磁、旋转整流装置励磁。
为什么采用短距可以削弱双层绕组电动势的谐波。,双层短距绕组可以等效为两个相位相差短距角β的单层绕组，其双层短距绕组的基波和谐波电势为两个单层绕组相应电势的矢量和，其数值分别小于其代数和，其减小系数为短距因数，谐波的短距因数要小于基波的短距因数。因此，通过短距，牺牲一点基波来达到更多地抑制谐波的作用。
三相感应电动机的调速方法有哪些,变极、变频、变压、转子回路串电阻（绕线式电机）。
什么是同步电机？它的转速由什么决定？同步电机和异步电机的根本区别是什么？汽轮发电机和水轮发电机的主要结构特点是什么？为什么前者总做成细长形状，而后者总做成矮胖形状？,汽轮发电机由汽轮机拖动，汽轮机是高速原动机，因此汽轮发电机普遍做成二极机，极数少，直径无需做大便有足够空间安排磁机，同时从旋转件的机械应力考虑，也要求做成细长形，这样铜线利用率高。水轮发电机由水轮机拖动，水轮机是低速原动机，要得到较高的频率，因此极数多，直径必需做大才有足够空间安排磁机，因此水轮发电机必需做成矮胖形。
在8个灯泡串联的电路中，除4号灯不亮外其它7个灯都亮。当把4号灯从灯座上取下后，剩下7个灯仍亮，问电路中有何故障？为什么？,电路中发生了4号灯短路故障，当它短路时，在电路中不起作用，因此放上和取下对电路不发生影响。
额定电压相同、额定功率不等的两个白炽灯，能否串联使用？,不能，因为这两个白炽灯的灯丝电阻不同，瓦数大的灯电阻小分压少，不能正常工作，瓦数小的灯电阻大分压多易烧。
电桥电路是复杂电路还是简单电路？当电桥平衡时，它是复杂电路还是简单电路？为什么？,电桥电路处于平衡状态时，由于桥支路电流为零可拿掉，因此四个桥臂具有了串、并联关系，是简单电路，如果电桥电路不平衡，则为复杂电路。
直流电、脉动直流电、交流电、正弦交流电的主要区别是什么？,直流电的大小和方向均不随时间变化；脉动直流电的大小随时间变化，方向不随时间变化；交流电的大小和方向均随时间变化；正弦交流电的大小和方向随时间按正弦规律变化。
负载上获得最大功率时，电源的利用率大约是多少？,负载上获得最大功率时，电源的利用率约为50%。
电路等效变换时，电压为零的支路可以去掉吗？为什么？,电路等效变换时，电压为零的支路不可以去掉。因为短路相当于短接，要用一根短接线代替。
在电路等效变换过程中，受控源的处理与独立源有哪些相同？有什么不同？,在电路等效变换的过程中，受控电压源的控制量为零时相当于短路；受控电流源控制量为零时相当于开路。当控制量不为零时，受控源的处理与独立源无原则上区别，只是要注意在对电路化简的过程中不能随意把含有控制量的支路消除掉。
工程实际应用中，利用平衡电桥可以解决什么问题？电桥的平衡条件是什么？,工程实际应用中，利用平衡电桥可以较为精确地测量电阻，电桥平衡的条件是对臂电阻的乘积相等。
试述“电路等效”的概念。,两个电路等效，是指其对端口以外的部分作用效果相同。
试述参考方向中的“正、负”，“加、减”，“相反、相同”等名词的概念。,“正、负”是指在参考方向下，某电量为正值还是为负值；“加、减”是指方程式各量前面的加、减号；“相反、相同”则指电压和电流方向是非关联还是关联。
试述回路电流法求解电路的步骤。回路电流是否为电路的最终求解响应？,回路电流法求解电路的基本步骤如下：1．选取独立回路(一般选择网孔作为独立回路)，在回路中标示出假想回路电流的参考方向，并把这一参考方向作为回路的绕行方向。2．建立回路的KVL方程式。应注意自电阻压降恒为正值，公共支路上互电阻压降的正、负由相邻回路电流的方向来决定：当相邻回路电流方向流经互电阻时与本回路电流方向一致时该部分压降取正，相反时取负。方程式右边电压升的正、负取值方法与支路电流法相同。3．求解联立方程式，得出假想的各回路电流。4．在电路图上标出客观存在的各支路电流的参考方向，按照它们与回路电流之间的关系，求出各条支路电流。回路电流是为了减少方程式数目而人为假想的绕回路流动的电流，不是电路的最终求解响应，最后要根据客观存在的支路电流与回路电流之间的关系求出支路电流。
一个不平衡电桥电路进行求解时，只用电阻的串并联和欧姆定律能够求解吗？,不平衡电桥电路是复杂电路，只用电阻的串并联和欧姆定律是无法求解的，必须采用KCL和KCL及欧姆定律才能求解电路。
试述戴维南定理的求解步骤？如何把一个有源二端网络化为一个无源二端网络？在此过程中，有源二端网络内部的电压源和电流源应如何处理？,戴维南定理的解题步骤为：1．将待求支路与有源二端网络分离，对断开的两个端钮分别标以记号（例如a和b）；2．对有源二端网络求解其开路电压UOC；3．把有源二端网络进行除源处理：其中电压源用短接线代替；电流源断开。然后对无源二端网络求解其入端电阻R入；4．让开路电压UOC等于戴维南等效电路的电压源US，入端电阻R入等于戴维南等效电路的内阻R0，在戴维南等效电路两端断开处重新把待求支路接上，根据欧姆定律求出其电流或电压。把一个有源二端网络化为一个无源二端网络就是除源，如上述3.所述。
正弦交流电的三要素是什么,正弦交流电的三要素是指正弦量的最大值 、角频率和初相。
描述正弦交流电的相关性质,反映正弦交流电振荡幅度的量是它的最大值；反映正弦量随时间变化快慢程度的量是它的频率 ；确定正弦量计时始位置的是它的初相。
描述相位差的概念,两个同频率正弦量之间的相位之差称为相位差，不同频率的正弦量之间不存在相位差的概念。
电抗和电阻相同么,电抗和电阻的概念不同，都是阻碍交流电流的因素。
电源电压不变，当电路的频率变化时，通过电感元件的电流发生变化吗？,频率变化时，感抗增大，所以电源电压不变，电感元件的电流将减小。
某电容器额定耐压值为450伏，能否把它接在交流380伏的电源上使用？为什么？,380×1.414=537V>450V，不能把耐压为450V的电容器接在交流380V的电源上使用，因为电源最大值为537V，超过了电容器的耐压值。
你能说出电阻和电抗的不同之处和相似之处吗？它们的单位相同吗？,电阻在阻碍电流时伴随着消耗，电抗在阻碍电流时无消耗，二者单位相同。
无功功率和有功功率有什么区别？能否从字面上把无功功率理解为无用之功？为什么？,有功功率反映了电路中能量转换过程中不可逆的那部分功率，无功功率反映了电路中能量转换过程中只交换、不消耗的那部分功率，无功功率不能从字面上理解为无用之功，因为变压器、电动机工作时如果没有电路提供的无功功率将无法工作。
从哪个方面来说，电阻元件是即时元件，电感和电容元件为动态元件？又从哪个方面说电阻元件是耗能元件，电感和电容元件是储能元件？,从电压和电流的瞬时值关系来说，电阻元件电压电流为欧姆定律的即时对应关系，因此称为即时元件；电感和电容上的电压电流上关系都是微分或积分的动态关系，因此称为动态元件。从瞬时功率表达式来看，电阻元件上的瞬时功率恒为正值或零，所以为耗能元件，而电感和电容元件的瞬时功率在一个周期内的平均值为零，只进行能量的吞吐而不耗能，所以称为储能元件。
正弦量的初相值有什么规定？相位差有什么规定？,正弦量的初相和相位差都规定不得超过180°。
直流情况下，电容的容抗等于多少？容抗与哪些因素有关？,直流情况下，电容的容抗等于无穷大，称隔直流作用。容抗与频率成反比，与电容量成反比。
感抗、容抗和电阻有何相同？有何不同？,感抗、容抗在阻碍电流的过程中没有消耗，电阻在阻碍电流的过程中伴随着消耗，这是它们的不同之处，三者都是电压和电流的比值，因此它们的单位相同，都是欧姆。
额定电压相同、额定功率不等的两个白炽灯，能否串联使用？,额定电压相同、额定功率不等的两个白炽灯是不能串联使用的，因为串联时通过的电流相同，而这两盏灯由于功率不同它们的灯丝电阻是不同的：功率大的白炽灯灯丝电阻小分压少，不能正常工作；功率小的白炽灯灯丝电阻大分压多容易烧损。
如何理解电容元件的“通交隔直”作用？,直流电路中，电容元件对直流呈现的容抗为无穷大，阻碍直流电通过，称隔直作用；交流电路中，电容元件对交流呈现的容抗很小，有利于交流电流通过，称通交作用。
请描述相量。,与正弦量具有一一对应关系的复数电压、复数电流称之为相量 。最大值相量的模对应于正弦量的最大值，有效值相量的模对应正弦量的有效值，它们的幅角对应正弦量的初相。
什么是相量图。,按照各个正弦量的大小和相位关系用初始位置的有向线段画出的若干个相量的图形，称为相量图。
描述有效值相量图的线段长度，与正向实轴之间的夹角的物理含义。,有效值相量图中，各相量的线段长度对应了正弦量的有效值，各相量与正向实轴之间的夹角对应正弦量的初相 。相量图直观地反映了各正弦量之间的数量关系和相位关系。
额定电压相同、额定功率不等的两个白炽灯，能否串联使用？,不能串联使用。因为额定功率不同时两个白炽灯分压不同。
试述提高功率因数的意义和方法。,提高功率因数可减少线路上的功率损耗，同时可提高电源设备的利用率，有利于国民经济的发展。提高功率因数的方法有两种：一是自然提高法，就是避免感性设备的空载和尽量减少其空载；二是人工补偿法，就是在感性线路两端并联适当的电容。
相量等于正弦量的说法对吗？正弦量的解析式和相量式之间能用等号吗？,相量可以用来表示正弦量，相量不是正弦量，因此正弦量的解析式和相量式之间是不能画等号的。
电压、电流相位如何时只吸收有功功率？只吸收无功功率时二者相位又如何？,电压、电流相位同相时只吸收有功功率，当它们相位正交时只吸收无功功率。
阻抗三角形和功率三角形是相量图吗？电压三角形呢？,阻抗三角形和功率三角形都不是相量图，电压三角形是相量图。
并联电容器可以提高电路的功率因数，并联电容器的容量越大，功率因数是否被提得越高？为什么？会不会使电路的功率因数为负值？是否可以用串联电容器的方法提高功率因数？,并联电容器可以提高电路的功率因数，但提倡欠补偿，如果并联电容器的容量过大而出现过补偿时，会使电路的功率因数为负值，即电路由感性变为容性，当并联电容达到某一数值时，还会导致功率因数继续下降（可用相量图分析）。实际中是不能用串联电容器的方法提高电路的功率因数的，因为串联电容器可以分压，设备的额定电压将发生变化而不能正常工作。
何谓串联谐振？串联谐振时电路有哪些重要特征？,在含有LC的串联电路中，出现了总电压与电流同相的情况，称电路发生了串联谐振。串联谐振时电路中的阻抗最小，电压一定时电路电流最大，且在电感和电容两端出现过电压现象。
发生并联谐振时，电路具有哪些特征？,电路发生并谐时，电路中电压电流同相，呈纯电阻性，此时电路阻抗最大，总电流最小，在L和C支路上出现过电流现象。
为什么把串谐称为电压谐振而把并谐电路称为电流谐振？,串联谐振时在动态元件两端出现过电压因之称为电压谐振；并联谐振时在动态元件的支路中出现过电流而称为电流谐振。
何谓串联谐振电路的谐振曲线？说明品质因数Q值的大小对谐振曲线的影响。,电流与谐振电流的比值随着频率的变化而变化的关系曲线称为谐振曲线。由谐振曲线可看出，品质因数Q值的大小对谐振曲线影响较大，Q值越大时，谐振曲线的顶部越尖锐，电路选择性越好；Q值越小，谐振曲线的顶部越圆钝，选择性越差。
LC并联谐振电路接在理想电压源上是否具有选频性？为什么？,LC并联谐振电路接在理想电压源上就不再具有选频性。因为理想电压源不随负载的变化而变化。
有一台电视机，额定功率为100W，接在220V的电源上，求电视机的电流和电视机在220V电压下工作时的电阻。如果每天使用4小时，问一个月消耗电能多少千瓦时？（假设一个月有30天）,首先，计算电流：电流 (I = \frac{{\text{功率}}}{{\text{电压}}} = \frac{{100，\text{W}}}{{220，\text{V}}} \approx 0.455，\text{A})然后，计算电阻：电阻 (R = \frac{{\text{电压}}}{{\text{电流}}} = \frac{{220，\text{V}}}{{0.455，\text{A}}} \approx 483.52，\Omega)。接下来，计算每天的电能消耗：每天的电能消耗 (= \text{功率} \times \text{使用时间} = 100，\text{W} \times 4，\text{小时} = 400，\text{Wh})。最后，计算一个月的电能消耗：一个月的电能消耗 (= \text{每天的电能消耗} \times \text{天数} = 400，\text{Wh} \times 30，\text{天} = 12000，\text{Wh} = 12，\text{kWh})。因此，一个月的电能消耗为12千瓦时（kWh），保留一位小数。
数 8 的4bit补码是?,8的4位二进制表示是 1000。对于正数的补码表示，补码和原码相同，因此8的4位补码仍然是 1000。
什么是自感现象与互感现象。,当流过一个线圈中的电流发生变化时，在线圈本身所引起的电磁感应现象称 自感 现象，若本线圈电流变化在相邻线圈中引起感应电压，则称为互感现象。
自感电压何时取正，何时取负。,当端口电压、电流为关联参考方向时，自感电压取正；若端口电压、电流的参考方向非关联时，则自感电压为负。
什么是初级回路，什么是次级回路。,空芯变压器与信号源相连的电路称为  初级 回路，与负载相连接的称为  次级  回路。空芯变压器次级对初级的反射阻抗Z1r= ω2M2/Z22。
共模抑制比的数值越大越好吗？,是的，共模抑制比（CMRR）的数值越大越好。共模抑制比是用来衡量差分放大器对共模信号的抑制能力。较高的共模抑制比表示差分放大器能更有效地抑制共模信号的干扰，增强对差模信号的放大。因此，共模抑制比越大，差分放大器对共模信号的抑制能力越强，性能越好。共模信号通常是来自于环境噪声、电源干扰或其他共同影响源。在许多应用中，我们希望差分放大器只放大差模信号，而不受共模信号的影响。较高的共模抑制比可以有效降低共模信号的干扰，提高系统的信号质量和抗干扰能力。因此，一般来说，共模抑制比的数值越大越好，表示差分放大器对共模信号的抑制能力更强。
试述同名端的概念。为什么对两互感线圈串联和并联时必须要注意它们的同名端？,由同一电流产生的感应电压的极性始终保持一致的端子称为同名端，电流同时由同名端流入或流出时，它们所产生的磁场彼此增强。实际应用中，为了小电流获得强磁场，通常把两个互感线圈顺向串联或同侧并联，如果接反了，电感量大大减小，通过线圈的电流会大大增加，将造成线圈的过热而导致烧损，所以在应用时必须注意线圈的同名端。
何谓耦合系数？什么是全耦合？,两个具有互感的线圈之间磁耦合的松紧程度用耦合系数表示，如果一个线圈产生的磁通全部穿过另一个线圈，即漏磁通很小可忽略不计时，耦合系数K=1，称为全耦合。
理想变压器和全耦合变压器有何相同之处？有何区别？,理想变压器和全耦合变压器都是无损耗，耦合系数K=1，只是理想变压器的自感和互感均为无穷大，而全耦合变压器的自感和互感均为有限值。
何谓同侧相并？异侧相并？哪一种并联方式获得的等效电感量增大？,两个互感线圈的同名端两两连在一起与电源相接的方式称为同侧相并，两个异名端两两连在一起与电源相接的方式为异侧相并，同侧相并时获得的等效电感量大。
如果误把顺串的两互感线圈反串，会发生什么现象？为什么？,两互感线圈顺串时$L_{顺}=L_{1}+L_{2}+2M$，反串时$L_{反}=L_{1}+L_{2}-2M$，由两式可看出，顺接时等效电感量大，因而感抗大，电压一定时电流小，如果误把顺串的两互感线圈反串，由于等效电感量大大减小，致使通过线圈的电流大大增加，线圈将由于过热而有烧损的危险。故联接时必须注意同名端.
描述三相电路对称时，三相瞬时功率之和。,当三相电路对称时，三相瞬时功率之和是一个常量，其值等于三相电路的有功功率，由于这种性能，使三相电动机的稳定性高于单相电动机。
如何测量对称三相电路的有功功率。,测量对称三相电路的有功功率，可采用二瓦计法，如果三相电路不对称，就不能用二瓦计法测量三相功率。
三相电源作三角形联接时，如果有一相绕组接反，后果如何？,三相电源作三角形联接时，如果有一相绕组接反，就会在发电机绕组内环中发生较大的环流，致使电源烧损。
为什么实用中三相电动机可以采用三相三线制供电，而三相照明电路必须采用三相四线制供电系统？,三相电动机是对称三相负载，中线不起作用，因此采用三相三线制供电即可。而三相照明电路是由单相设备接成三相四线制中，工作时通常不对称，因此必须有中线才能保证各相负载的端电压对称。
三相四线制供电体系中，为什么规定中线上不得安装保险丝和开关？,此规定说明不允许中线随意断开，以保证在Y接不对称三相电路工作时各相负载的端电压对称。如果安装了保险丝，若一相发生短路时，中线上的保险丝就有可能烧断而造成中线断开，开关若不慎在三相负载工作时拉断同样造成三相不平衡。
一台电动机本来为正转，如果把连接在它上面的三根电源线任意调换两根的顺序，则电动机的旋转方向改变吗？为什么？,任调电动机的两根电源线，通往电动机中的电流相序将发生变化，电动机将由正转变为反转，因为正转和反转的旋转磁场方向相反，而异步电动机的旋转方向总是顺着旋转磁场的方向转动的。
描述暂态和稳态。,暂态是指从一种稳态过渡到另一种稳态所经历的过程。
什么是换路定律。,在电路发生换路后的一瞬间，电感元件上通过的电流和电容元件上的端电压，都应保持换路前一瞬间的原有值不变。
一阶电路全响应的三要素有哪些,一阶电路全响应的三要素是指待求响应的初始值、稳态值和时间常数。
何谓电路的过渡过程？包含有哪些元件的电路存在过渡过程？,电路由一种稳态过渡到另一种稳态所经历的过程称过渡过程，也叫“暂态”。含有动态元件的电路在发生“换路”时一般存在过渡过程。
什么叫换路？在换路瞬间，电容器上的电压初始值应等于什么？,在含有动态元件L和C的电路中，电路的接通、断开、接线的改变或是电路参数、电源的突然变化等，统称为“换路”。根据换路定律，在换路瞬间，电容器上的电压初始值应保持换路前一瞬间的数值不变。
在RC充电及放电电路中，怎样确定电容器上的电压初始值？,在RC充电及放电电路中，电容器上的电压初始值应根据换路定律求解。
“电容器接在直流电源上是没有电流通过的”这句话确切吗？试完整地说明。,这句话不确切。未充电的电容器接在直流电源上时，必定发生充电的过渡过程，充电完毕后，电路中不再有电流，相当于开路。
RC充电电路中，电容器两端的电压按照什么规律变化？充电电流又按什么规律变化？RC放电电路呢？,RC充电电路中，电容器两端的电压按照指数规律上升，充电电流按照指数规律下降，RC放电电路，电容电压和放电电流均按指数规律下降。
RL一阶电路与RC一阶电路的时间常数相同吗？其中的R是指某一电阻吗？,RC一阶电路的时间常数τ=RC，RL一阶电路的时间常数τ=L/R，其中的R是指动态元件C或L两端的等效电阻。
RL一阶电路的零输入响应中，电感两端的电压按照什么规律变化？电感中通过的电流又按什么规律变化？RL一阶电路的零状态响应呢？,RL一阶电路的零输入响应中，电感两端的电压和电感中通过的电流均按指数规律下降；RL一阶电路的零状态响应中，电感两端的电压按指数规律下降，电压事通过的电流按指数规律上升。
通有电流的RL电路被短接，电流具有怎样的变化规律？,通过电流的RL电路被短接，即发生换路时，电流应保持换路前一瞬间的数值不变。
怎样计算RL电路的时间常数？试用物理概念解释：为什么L越大、R越小则时间常数越大？,RL电路的时间常数τ=L/R。当R一定时，L越大，动态元件对变化的电量所产生的自感作用越大，过渡过程进行的时间越长；当L一定时，R越大，对一定电流的阻碍作用越大，过渡过程进行的时间就越长。
什么叫周期性的非正弦波，你能举出几个实际中的非正弦周期波的例子吗？,周而复始地重复前面循环的非正弦量均可称为周期性非正弦波，如等腰三角波、矩形方波及半波整流等。
周期性的非正弦线性电路分析计算步骤如何，其分析思想遵循电路的什么原理？,周期性的非正弦线性电路的分析步骤为：①根据已知傅里叶级数展开式分项，求解各次谐波单独作用时电路的响应；②求解直流谐波分量的响应时，遇电容元件按开路处理，遇电感元件按短路处理；③求正弦分量的响应时按相量法进行求解，注意对不同频率的谐波分量，电容元件和电感元件上所呈现的容抗和感抗各不相同，应分别加以计算；④用相量分析法计算出来的各次谐波分量的结果一般是用复数表示的，不能直接进行叠加，必须要把它们化为瞬时值表达式后才能进行叠加。周期性非正弦线性电路分析思想遵循线性电路的叠加定理。
非正弦周期信号的谐波分量表达式如何表示？式中每一项的意义是什么？,非正弦周期信号的谐波分量表达式是用傅里叶级数展开式表示的，式中的每一项代表非正弦量的一次谐波。
何谓基波？何谓高次谐波？什么是奇次谐波和偶次谐波？,频率与非正弦波相同的谐波称为基波，它是非正弦量的基本成分；二次以上的谐波均称为高次谐波；谐波频率是非正弦波频率的奇数倍时称为奇次谐波；谐波频率是非正弦波频率的偶数倍时称为偶次谐波。
能否定性地说出具有奇次对称性的波形中都含有哪些谐波成分？,具有奇次对称性的非正弦周期波中，只具有奇次谐波成分，不存在直流成分及偶次谐波成分。
“只要电源是正弦的，电路中各部分电流及电压都是正弦的”说法对吗？为什么？,说法不对！电源虽然是正弦的，但是如果电路中存在非线性元件，在非线性元件上就会出现非正弦响应。
波形的平滑性对非正弦波谐波有什么影响？为什么？,非正弦波所包含的高次谐波的幅度是否显著，取决于波形的平滑性，因此波形的平滑性对非正弦波谐波影响很大。如稳恒直流电和正弦波，平滑性最好，不含有高次谐波；而方波和尖脉冲波，由于平滑性极差而含有丰富的高次谐波。
非正弦波的“峰值越大，有效值也越大”的说法对吗？试举例说明。,这种说法对正弦量是对的，对非正弦量就不对。例如一个方波的峰值和等腰三角波的峰值相比，如果等腰三角波的峰值大于方波，但等腰三角波的有效值不一定比方波大。
什么是电工电路，什么是电子电路。,实现电能输送和变换的电路称为电工电路；实现信息的传输和处理的电路称为电子电路。
电压损耗有什么表现,电压损耗是指电流通过电路元件或电线时所遭受的电压降低。这种降低可以由多种因素引起，包括电线的电阻、电路元件的内部电阻、连接器的接触电阻等。电压损耗的表现可以是以下几个方面：电压降低：电压损耗导致电路中的电压值下降。例如，如果在电路中有一段电线，由于电线的电阻，通过电线时会发生电压降低，使得电源输出的电压与负载端的电压之间存在差异。功率损耗：电压损耗会导致能量转化为热能，造成功率损耗。这是因为在电阻中通过的电流与电压降之间存在功率关系，根据欧姆定律，功率损耗等于电流的平方乘以电阻值。电路性能下降：电压损耗可能会导致电路性能下降。例如，在信号传输中，电压损耗可能导致信号衰减，造成信号强度降低、失真或噪声增加。系统效率降低：电压损耗会导致能源不高效利用，系统效率降低。电压损耗越大，能量转化的效率就越低，从而浪费了更多的能源。要减少电压损耗，可以采取一些措施，例如使用更粗的导线减少电线电阻、选择低电阻值的电路元件、确保连接器良好接触等。这样可以改善电路的效能和性能。
直接耦合放大电路有哪些好处和问题,好处：扩大频带宽度：直接耦合放大电路可以提供较宽的频带宽度，因为耦合元件不会引入额外的频率响应限制。低频响应良好：由于没有耦合电容的影响，直接耦合放大电路在低频范围内具有较好的响应，可以放大低频信号。高增益：直接耦合放大电路可以实现较高的增益，因为耦合元件不会引入额外的损耗或衰减。坏处：偏置稳定性：直接耦合放大电路对于偏置电压的稳定性要求较高。由于元件参数的变化或环境条件的变化，偏置电压可能会发生变化，从而影响放大器的工作状态。直流耦合电容的大小：在直接耦合放大电路中，为了避免直流偏置电压的影响，可能需要使用较大的直流耦合电容。这会增加电路的复杂性和成本。电压级匹配要求高：直接耦合放大电路中各级的电压级之间需要较高的匹配，以确保信号的正确传递和放大。这对于设计和制造过程都提出了一定的要求。零点漂移：指放大器输出在零输入信号时的偏移或漂移现象。零点漂移问题主要由两个方面引起：元件参数的变化：放大器中的电阻、晶体管等元件的参数可能会随时间、温度或其他环境条件的变化而发生漂移。这会导致放大器在零输入条件下输出信号的偏移。实施误差：在设计和制造过程中，由于元件选型、电路布局、工艺差异等因素，可能存在误差。这些误差会导致放大器的工作点发生偏移，产生零点漂移。
依据一次能源的不同，发电厂可分为哪些。,水力发电厂、火力发电厂、核能发电厂。
用分裂导线的目的是什么。,减小电量和电抗。
电力系统中一级负荷、二级负荷和三级负荷的划分依据是用户对供电有什么要求。,可靠性。
潮流计算中的电压数值约束条件是由什么决定的。,电压质量标准
电压降落指元件两端电压的什么。,相量差。
简述静态稳定和暂态稳定的区别，为什么简单系统的暂态稳定分析不能采用线性化的方法。,静态稳定：在小干扰下电力系统能否恢复到原来的稳定运行状态；暂态稳定：在大干扰下电力系统能否恢复到原来的运行状态或是过渡到新的稳定运行状态。因为受到大干扰，电力系统结构发生变化，运行参数发生变化。
电力系统频率的一次调整指的是什么？能否做到频率的无差调节？,负荷变化引起频率偏差时，系统中凡装有调速器又留有可调容量的发电机组都自动参加频率调整，这就是电力系统频率的一次调整。电力系统频率的一次调整只能做到有差调节。
电力系统电压调整的措施有哪些？,电力系统电压调整可采用的措施有：改变发电机端电压调压；改变变压器电压比调压，补偿无功功率调压，改变电力线路参数调压。
简要说明电力系统电压调整可以采用哪些措施？,电力系统电压调整可采用的措施有：改变发电机端电压调压；改变变压器电压比调压，补偿无功功率调压，改变电力线路参数调压。
列出三种提高系统静态稳定的措施？,提高暂态稳定主要是增大减速面积减小加速面积。而提高静态稳定的措施主要是提高Kp值。当P0一定时则提高Pm而Pm=EV/X 则增大E和V，或减小X。
电力系统的定义是什么？电力系统、动力系统和电力网有何区别？,电力系统就是有大量发电机、变压器、电力线路何负荷组成的旨在生产、传输、分配何消费电能的各种电气设备按一定的方式连成的整体。动力系统不但包括电力系统，还包括发电厂的动力设备，如水电厂的水轮机、水库等等。电力网是电力系统中传输何分配电能的部分。由此可见，动力系统包括电力系统，而电力系统又包括电力网。
写出电力系统的暂态稳定和电力系统的静态稳定的定义？稳定的标志是什么？,电力系统的暂态稳定是指电力系统在某一运行状态下受大的扰动后能否继续保持同步运行。如系统中任何两台发电机之间的功角差都不随时间一直增大，则改系统暂态稳定；否则，暂态不稳定。电力系统的静态稳定是指电力系统在某一运行状态下受到小扰动后能否继续保持稳定运行。如果系统受到下扰动后不发生周期失步或非周期失步，继续运行在起始电或转移到一个相近的稳定运行点，则称系统对该运行情况为静态稳定。否则为静态不稳定。实际系统在什么情况下采用恒定电势源数学模型？本身具有什么特性？当短路点远离电源出口时，使得Z外>>Z内即电源出口到故障点间阻抗远远大于电源内阻抗，这时就可以忽略电源内阻抗。这就相当于电源内阻抗为零的电源即恒定电势源。特点：内阻抗为零，频率恒定，电势恒定。
在电力系统中产生短路冲击电流的条件是什么？,产生冲击电流的条件有三条：短路前空载、短路时电流正处于幅值相位、经过半个周期。
若想提高电力系统暂态稳定性所要考虑的基本原则是什么？提高电力系统静态稳定性呢？,提高暂态稳定主要是增大减速面积减小加速面积。而提高静态稳定的措施主要是提高Kp值。当P0一定时则提高Pm而Pm=EV/X 则增大E和V，或减小X。
简述电力系统稳态运行的基本要求?,三相电力系统满足统经济性运行的要求，每一台发电机的输出必须接近于预先设定值；必须确保联络线潮流低于线路热极限和电力系统稳定极限；必须保持某些中枢点母线上的电压水平在容许范围内，必要时用无功功率补偿计划来达到； 区域电网是互联系统的一部分，必须执行合同规定的输送至邻网的联络线功率计划； 用故障前的潮流控制策略使事故扰动效应最小化。
试说明潮流计算中如何对节点进行分类？其特点如何？, 1）平衡节点，一般一个系统只有一个平衡节点。在潮流分布算出以前，网络中的功率损耗是未知的，因此，至少有一个节点的有功功率P和无功功率Q不能给定。另外必须选定一个节点，制定其电压相角为零，作为其它节点电压相位的参考，这个节点叫基准节点。为了计算方便，常将平衡节点和基准节点设在同一个节点上。平衡节点是电压参考节点，该母线的是给定值，作为输入数据，典型取标幺值。潮流程序计算P1和Q1。因为平衡节点的P、Q事先无法确定，为使潮流计算结果符合实际，常把平衡节点选在有较大调节裕量的发电机节点，潮流计算结束时若平衡节点的有功功率、无功功率和实际情况不符，就要调整其他节点的边界条件以使平衡节点的功率满足实际允许范围。2）PQ节点，Pi和Qi是输入数据。这类节点的有功功率Pi和无功功率Qi是给定的，潮流计算程序计算节点电压幅值Ui和相角。负荷节点和无功功率注入的联络节点都属于这类节点。有些情况下，系统中某些发电厂送出的功率在一定时间内为固定时，该发电厂母线也可以作为PQ节点。在一个典型的潮流程序中绝大多数母线作为PQ节点。3）PU节点（电压控制母线），Pi和Ui是输入数据。这类节点的有功功率Pi和节点电压幅值Ui是给定的，潮流程序计算节点的无功功率Qi和电压相角。这类节点必须具有足够的无功可调容量，用以保持给定的节点电压幅值。在电力系统中这类节点的数目较少。
简述电力系统有功功率对频率有什么影响？系统为什么要设置有功功率备用容量？,当电力系统中负荷增大时，频率下降，负荷减小时，频率升高，负荷的变化将导致系统频率的偏移，频率变化超出允许范围时，对用电设备的正常工作和系统稳定运行都会产生影响，甚至造成事故，因此应对发电功率作相应调整，以使系统在要求的频率下达到新的平衡。为了保证供电可靠性及电能质量合格，系统需要具有一定的备用容量，只有在具备系统备用容量的情况下，才有可能进行系统的频率调整与厂间负荷的最优分配。系统电源容量大于发电负荷的部分称为系统的备用容量，即备用容量=系统可用电源容量-发电负荷。
简述我国常用的额定电压等级，各电气设备额定电压是如何规定的？,我国常用的额定电压等级有：6、10、35、（60）、110、（154）、220、330、500kV和750kV，800kV，1000kV。输电线路的额定电压取线路首末两端电压平均值，UN =(Ua＋Ub)/2 。各用电设备的额定电压：取与线路的额定电压相等，从而使所有用电设备在额定电压的附近处运行。用电设备容许的电压偏移一般为5%，沿线电压降落一般为10%，因而要求线路始端电压为额定值的1.05倍，并使末端电压不低于额定值的0.95倍。
简述采用标幺制的好处以及选择基准值的规则。,采用标幺制的好处:采用适当的基准值，可简化变压器等值电路，在高、低压侧变压器标幺等值电路参数相同，采用标幺值计算避免差生误差。当采用设备额定值作为基准值时，设备的标幺阻抗在某一数值范围内，便于检查计算误差。选择基准值的规则:在电气量中可先选定两个基准值，通常先选定基准功率SB和基准电压UB，一个系统中只选定一个功率基准值，变压器高、低压侧基准电压之比等于额定变比。
简述电力系统频率变动时，对用户的影响有哪些?,用户使用的电动机的转速与系统频率有关。频率变化将引起电动机转速的变化，从而影响产品质量。例如，纺织工业、造纸工业等都将因频率变化而出现残次品。近代工业、国防和科学技术都已广泛使用电子设备，系统频率的不稳定将会影响电子设备的工作。雷达、电子计算机等重要设施将因频率过低而无法运行。频率变动对发电厂和系统本身也有影响：火力发电厂的主要厂用机械—风帆和泵，在频率降低时，所能供应的风量和水量将迅速减少，影响锅炉的正常运行。 低频率运行还将增加汽轮机叶片所受的应力，引起叶片的共振，缩短叶片的寿命，甚至使叶片断裂。低频率运行时，由于磁通密度的增大，变压器的铁芯损耗和励磁电流都将增大。     频率降低时，系统中的无功功率负荷将增加，而无功功率负荷的增大又将促使系统电压水平的下降。总之。由于所有设备都是按系统额定频率设计的，系统频率质量的下降将影响各行各业。而频率过低时，甚至会使整个系统瓦解，造成大面积停电。
简述影响电力系统的负载能力的因素有哪些？,影响线路带负载能力的三个重要因素为：（1）热极限，（2）电压降落极限，（3）稳态稳定性极限。对于短电力线路，导体的最大温度取决于热极限；对于中等长度电力线路，线路负载能力主要取决于电压降落的限制；对于远距离输电线路，稳态稳定性则是最重要的限制因素。
电力系统的故障类型都有哪些？,短路故障称为电力系统的横向故障，因为它们是电力系统相与相或相与地的问题，而相与相或相与地的关系认为是横向关系。还有一种常见的故障是断线造成的故障，称为电力系统纵向故障。所谓断线，通常是发生一相或两相短路后，故障相开关跳开造成非全相运行的情况。短路故障分为三相短路、两相短路、两相接地短路和单相接地短路四种。三相短路时三相系统仍然保持对称，故称为对称短路，其余三种类型的短路发生时，三相系统不再对称，故称不对称短路。 
简述短路发生的原因和危害有哪些？,所谓短路，是指电力系统正常运行情况以外的相与相或相与地(或中性线)之间的连接。在正常运行时，除中性点外，相与相或相与地之间是绝缘的。产生短路的主要原因是电气设备载流部分的相间绝缘或相对地绝缘被破坏。正常运行时电力系统各部分绝缘是足以承受所带电压的，且具有一定的裕度。但架空输电线路的绝缘子可能由于受到过电压(例如由雷击引起)而发生闪络或者由于空气的污染使绝缘子表面在正常工作电压下放电；其它电气设备如发电机、变压器、电缆等载流部分的绝缘材料在运输、安装及运行中削弱或损坏，造成带电部分的相与相或相与地形成通路；运行人员在设备(线路)检修后未拆除地线就加电压或者带负荷拉刀闸等误操作也会引起短路故障；此外，鸟兽跨接在裸露的载流部分以及大风或导线覆冰引起架空线路杆塔倒塌所造成的短路也屡见不鲜。短路故障对电力系统的正常运行和电气设备有很大的危害，主要表现在如下几方面:发生短路时，由于电源供电回路的阻抗减小以及突然短路的暂态过程，使短路回路中的短路电流值大大增加，可能超过该回路的额定电流许多倍。短路点距发电机的电气距离越近(即阻抗越小)，短路电流越大。例如在发电机端发生短路时，流过发电机定子回路的短路电流最大瞬时值可达发电机额定电流的倍，在大容量系统中的短路电流可达几万甚至几十万安培。短路点的电弧有可能烧坏电气设备；短路电流通过电气设备中的导体时，其热效应会引起导体或其绝缘的损坏。同时，导体也会受到很大的电动力冲击，致使导体变形，甚至损坏。因此，各种电气设备应有足够的热稳定度和动稳定度，使电气设备在通过最大可能的短路电流时不致损坏。
简述电力系统稳态运行的基本要求?,电力系统稳态运行应满足以下要求:1）满足系统经济性运行的要求，每一台发电机的输出必须接近于预先设定值；2）必须确保联络线潮流低于线路热极限和电力系统稳定极限；3）必须保持某些中枢点母线上的电压水平在容许范围内，必要时用无功功率补偿计划来达到；4）区域电网是互联系统的一部分，必须执行合同规定的输送至邻网的联络线功率计划； 5）用故障前的潮流控制策略使事故扰动效应最小化。
简述衡量电能质量的指标有哪些？,电能质量包含电压质量、频率质量和波形质量三个方面。电压质量和频率质量一般都以偏移是否超过给定值来衡量，我国规定，用户供电电压的允许偏移量是额定值的+5%~-7%，额定频率是50Hz，允许的偏移量为±0.2~±0.5Hz。波形质量则以畸变是否超过给定值来衡量，所谓畸变率（或正弦波形畸变率），是指各次谐波有效值平方和的方根值与基波有效值的百分比。给定的允许畸变率常因供电电压等级而异，例如，以380、220V供电时为5%，以10kV供电时为4%，等等。所有这些质量指标，都必须采取一些  手段予以保证。
简述电力系统中负荷的种类及常用的频率调整方法？,一般将系统实际的负荷看作由三种具有不同变化规律的变动负荷组成:第一种变动幅度很小（0.1%～0.5%），周期又很短（一般10s以内），这种负荷变动有很大的偶然性。第二种变动幅度较大（0.5%～1.5%），周期也较长（一般10s～3min），属于这种的主要有电炉、压延机械、电气机车等带有冲击性的负荷变动；第三种变动幅度最大，周期也最长的可预测负荷，这一种是由于生产、生活、气象等变化引起的负荷变动。电力系统的有功功率和频率调整大体上也可分为一次、二次、三次调整三种，对第一种负荷变动引起的频率偏移，由发电机组调速器进行调整，称为频率的一次调整；第二种负荷变动引起的频率偏移，由发电机组的调频器进行调整，称为频率的二次调整；对第三种负荷变化，必须根据预测的负荷曲线，按优化原则在各厂（机组）间进行经济负荷分配，也称为三次调整。
简述电力系统主要的无功电源及无功功率负荷有哪些？,电力系统的无功电源向系统发出滞后的无功功率，一般系统中有以下几类无功电源，一是同步发电机以及过激运行的同步电动机；二是无功补偿电源包括电容器、静止无功补偿器和同步调相机；三是110kV及以上电压线路的充电功率。系统中无功功率负荷主要有以下几类，1）用户与发电厂厂用电的无功负荷（主要是异步电动机）；2）线路和变压器的无功损耗；3）并联电抗器的无功损耗。
简述无功功率管理的主要措施有哪些？,无功功率管理的具体措施包括： （1）电力用户的功率因数达到0.95以上；（2）分散安装电容器，就地供无功功率。（3）在一次及二次变电所的低压母线上安装电容器，枢纽变电所安装调相机。在有无功冲击负荷的变电所以及超高压送电线末端宜安装静止无功补偿器；（4）对于水、火联合电网，枯水期利用水电机组调相运行，丰水期利用火电机组调相运行，供出感性无功功率；（5）同步电动机过激运行，供出感性无功功率。
简述影响电力系统的负载能力的因素有哪些？,影响线路带负载能力的三个重要因素为：（1）热极限，（2）电压降落极限，（3）稳态稳定性极限。对于短电力线路，导体的最大温度取决于热极限；对于中等长度电力线路，线路负载能力主要取决于电压降落的限制；对于远距离输电线路，稳态稳定性则是最重要的限制因素。
电力系统的故障类型都有哪些？,短路故障称为电力系统的横向故障，因为它们是电力系统相与相或相与地的问题，而相与相或相与地的关系认为是横向关系。还有一种常见的故障是断线造成的故障，称为电力系统纵向故障。所谓断线，通常是发生一相或两相短路后，故障相开关跳开造成非全相运行的情况。短路故障分为三相短路、两相短路、两相接地短路和单相接地短路四种。三相短路时三相系统仍然保持对称，故称为对称短路，其余三种类型的短路发生时，三相系统不再对称，故称不对称短路。 
电力网，电力系统和动力系统的定义是什么？,电力系统：由发电机、发电厂、输电、变电、配电以及负荷组成的系统。电力网：  由变压器、电力线路、等变换、输送、分配电能的设备组成的部分。 动力系统：电力系统和动力部分的总和。
电力系统的电气接线图和地理接线图有何区别？,电力系统的地理接线图主要显示该系统中发电厂、变电所的地理位置，电力线路的路径以及它们相互间的连接。但难以表示各主要电机电器间的联系。电力系统的电气接线图主要显示该系统中发电机、变压器、母线、断路器、电力线路等主要电机电器、线路之间的电气结线。但难以反映各发电厂、变电所、电力线路的相对位置。
电力系统运行的特点和要求是什么？,特点：（1）电能与国民经济各部门联系密切。（2）电能不能大量储存。(3)生产、输送、消费电能各环节所组成的统一整体不可分割。（4）电能生产、输送、消费工况的改变十分迅速。（5）对电能质量的要求颇为严格。要求：（1）保证可靠的持续供电。（2）保证良好的电能质量。（3）保证系统运行的经济性。
电网互联的优缺点是什么？,可大大提高供电的可靠性，减少为防止设备事故引起供电中断而设置的备用容量；可更合理的调配用电，降低联合系统的最大负荷，提高发电设备的利用率，减少联合系统中发电设备的总容量；可更合理的利用系统中各类发电厂提高运行经济性。同时，由于个别负荷在系统中所占比重减小，其波动对系统电能质量影响也减小。联合电力系统容量很大，个别机组的开停甚至故障，对系统的影响将减小，从而可采用大容高效率的机组。
什么是电晕现象，它和输电线路的哪个参数有关?,电晕指在强电磁场作用下导线周围空气的电离现象。它和输电线路的电导G有关。
电力系统采用分裂导线有何作用？简要解释基本原理。,改变导线周围的电磁场分布，减少电晕和线路电抗。 
么叫电压降落？电压损耗？电压偏移？电压调整及输电效率？,电压降落：线路始末两端的电压的相量之差。电压损耗：线路始末两端的电压的数值之差。电压偏移：线路始端或末端电压与线路额定电压的数值之差。电压调整：线路末端空载与负载时电压的数值之差。输电效率：线路末端输出有功与线路始端输入有功的比。
影响电压因素有哪些？,电压等级、导线的截面积、线路的长度、线路中的无功流动等。
什么叫运算功率？什么叫运算负荷？一个变电所的运算负荷如何计算?,运算功率：将变电所或发电厂母线上所连线路对地电纳中无功功率的一半并入等值电源功率。运算负荷：将变电所或发电厂母线上所连线路对地电纳中无功功率的一半并入等值负荷。
欲改变电力网络的有功功率和无功功率分布，分别需要调整网络的什么参数？,调节相位可改变有功分布，调节电压可改变无功分布。
电力网络常用的数学模型有哪几种？,节点电压法，回路电流法，割集电流法。
为什么牛顿-拉夫逊法对初值的要求比较严？,因为牛顿-拉夫逊法的基本思想是将函数或者方程进行泰勒展开，将非线性曲线局部线性化，在选择初值时，若选择不好，结果会有很大误差，甚至发散。
电力系统频率偏高和偏低有哪些危害？,电力系统频率的频率变动会对用户、发电厂、电力系统产生不利的影响。1.对用户的影响：频率的变化将引起电动机转速的变化，从而影响产品质量，雷达、电子计算机等会因频率过低而无法运行；2.对发电厂的影响：频率降低时，风机和泵所能提供的风能和水能将迅速减少，影响锅炉的正常运行；频率降低时，将增加汽轮机叶片所受的应力，引起叶片的共振，减短叶片寿命甚至使其断裂。 频率降低时，变压器铁耗和励磁电流都将增加，引起升温，为保护变压器而不得不降低其负荷；3.对电力系统的影响：频率降低时，系统中的无功负荷会增加，进而影响系统，使其电压水平下降。
电力系统有功功率负荷变化情况与电力系统频率的一、二、三次调整有何关系？,电力系统频率的一、二、三次调整分别对应电力系统的第一、二、三种负荷。频率的一次调整由系统中的所有发电机组分担，依靠调速器完成，只能做到有差调整；频率的二次调整由系统中的调频发电机组承担，依靠调频器完成，可做到无差；频率的三次调整由系统中所有按给定负荷曲线发电的发电机组分担。
什么是备用容量？如何考虑电力系统的备用容量？备用容量存在形式有哪些？备用容量主要分为哪几种？各自用途是什么？,备用容量：系统电源容量大于发电负荷的部分。系统调度部门应及时确切的掌握系统中各发电厂的备用容量。备用容量存在形式是系统中可投入发电设备的可发功率。备用容量可分为：热备用、冷备用或负荷备用、事故备用、检修备用、国民经济备用。用途：热备用，指运转中的发电设备可能发的最大功率与系统发电负荷之差。冷备用，指未运转的发电设备可能发的最大功率。负荷备用，指调整系统中短时的负荷波动并担任计划外的负荷增加而设置的备用。事故备用，指用户在发电设备发生偶然性事故时，不受严重影响维持系统正常供电。检修备用，指使系统中发电设备能定期检修而设置的备用。国民经济备用，指计及负荷的超计划增长而设置的备用。
电力系统有功功率最优分配问题的主要内容有哪些？,有功功率电源的最优组合，和有功功率负荷的最优分配。
电力系统的一次调频、二次调频和三次调频有什麽区别？,电力系统频率的一、二、三次调整分别对应电力系统的第一、二、三种负荷。频率的一次调整由系统中的所有发电机组分担，依靠调速器完成，只能做到有差调整；频率的二次调整由系统中的调频发电机组承担，依靠调频器完成，可做到无差；频率的三次调整由系统中所有按给定负荷曲线发电的发电机组分担。
电力系统中无功负荷和无功损耗主要指什么,无功功率负荷是指各种用电设备中除相对很小的白炽灯照明负荷只消耗有功功率、为数不多的同步电动机可发出一部分无功功率外，大对数都要消耗无功功率。无功损耗，主要表现在变压器的励磁支路损耗和绕组漏抗损耗。
电力系统中无功功率与节点电压有什麽关系,在有功充足时，无功的充足与否可以决定节点电压的高低，无功充足则电压高，无功不足则电压低。
电压系统常见的调压措施有哪些,有四种，1、改变发电机端电压2、改变变压器的变比3、借并联补偿设备调压4、改变输电线路参数。
有载调压变压器与普通变压器有什麽区别？在什么情况下宜采用有载调压变压器？,区别是，有载变压器不仅可在有载情况下更改分接头，而且调节范围比较大，这是普通变压器没有的功能。一般如果系统中无功功率充足，凡采用普通变压器不能满足调压的场合如长线路供电、负荷变动很大系统间联络线两端的变压器以及某些发电厂的变压器，均可采用有载调压变压器.
什么是横向故障？什么是纵向故障？,横向故障是相与相之间的故障。纵向故障是断线故障。
什么时短路？简述短路的现象和危害？,短路是指电力系统正常运行情况以外的相与相之间或相与地之间的连接。危害有发热、电动力效应、电网中电压降低、干扰通信设备、改变电网的结构破坏系统的稳定。
无限大功率电源的特点是什么？,功率无限大，电压恒定，内阻为零，频率恒定。
什么是短路冲击电流？出现冲击电流的条件是什么？,是指短路发生在电感电路中、短路前为空载情况下的最大瞬时值。条件是电路为空载下的感性电路（即φ≈90°）
发电机、变压器、线路的正序电抗与负序电抗是否相同？,发电机的正序与负序电抗不同，变压器、线路正序与负序电抗相同。
电力变压器的主要作用是什么,电力变压器的主要作用是升高或降低电压，另外还起到将不同电压等级电网相联系的作用。
简单闭式网分为哪些类网络,单的闭式网可分为两端供电网络（2分）和环形网络（2分）两类
为什么说当电力系统无功功率不充足时仅靠改变变压器变比分按头来调压并不能改变系统的电压水平？,为什么说当电力系统无功功率不充足时仅靠改变变压器变比分按头来调压并不能改变系统的电压水平？
为什么变压器中性点经小电阻接地能够提高当系统发生接地故障进的暂态稳定性？,在输电线路送端的变压器经小电阻接地，当线路送端发生不对称接地时，零序电流通过该电阴将消耗部分有功功率起到了电气制动作用，因而是能提高系统的暂态稳定性。
电力变压器的主要作用是什么？,电力变压器的主要作用是升高或降低电压，另外还起到将不同电压等级电网相联系的作用。
简单闭式网分为哪些类网络？,简单的闭式网可分为两端供电网络和环形网络两类。
为什么说当电力系统无功功率不充足时仅靠改变变压器变比分按头来调压并不能改变系统的电压水平？,通过调分接头实质是改变了电力网的无功分布，只能改善局部电压水平，同时却使系统中另个的某些局部电压水平变差并不能改变系统无功不足的状况因此就全系统总体来说并不能改变系统的电压水平。
为什么变压器中性点经小电阻接地能够提高当系统发生接地故障进的暂态稳定性？,在输电线路送端的变压器经小电阻接地，当线路送端发生不对称接地时，零序电流通过该电阴将消耗部分有功功率起到了电气制动作用，因而是能提高系统的暂态稳定性。